run,run_id,step,learner_idx,learner_name,reward
ppo_hier_items200_h1500\PPO_1,PPO_1,25000,0,learner0,0.9990571737289429
ppo_hier_items200_h1500\PPO_1,PPO_1,32768,0,learner0,0.9991404414176941
ppo_hier_items200_h1500\PPO_1,PPO_1,50000,0,learner0,0.9991142749786377
ppo_hier_items200_h1500\PPO_1,PPO_1,65536,0,learner0,0.9994303584098816
ppo_hier_items200_h1500\PPO_1,PPO_1,75000,0,learner0,0.9992327094078064
ppo_hier_items200_h1500\PPO_1,PPO_1,98304,0,learner0,0.9991434812545776
ppo_hier_items200_h1500\PPO_1,PPO_1,100000,0,learner0,0.9992493987083435
ppo_hier_items200_h1500\PPO_1,PPO_1,125000,0,learner0,0.9993512034416199
ppo_hier_items200_h1500\PPO_1,PPO_1,131072,0,learner0,3.0090432167053223
ppo_hier_items200_h1500\PPO_1,PPO_1,150000,0,learner0,0.9991374015808105
ppo_hier_items200_h1500\PPO_1,PPO_1,163840,0,learner0,3.0090041160583496
ppo_hier_items200_h1500\PPO_1,PPO_1,175000,0,learner0,0.9994911551475525
ppo_hier_items200_h1500\PPO_1,PPO_1,196608,0,learner0,0.9992597103118896
ppo_hier_items200_h1500\PPO_1,PPO_1,200000,0,learner0,0.9996204376220703
ppo_hier_items200_h1500\PPO_1,PPO_1,225000,0,learner0,0.9991905093193054
ppo_hier_items200_h1500\PPO_1,PPO_1,229376,0,learner0,0.999028742313385
ppo_hier_items200_h1500\PPO_1,PPO_1,250000,0,learner0,0.9995750188827515
ppo_hier_items200_h1500\PPO_1,PPO_1,262144,0,learner0,0.9996333122253418
ppo_hier_items200_h1500\PPO_1,PPO_1,275000,0,learner0,0.9990335702896118
ppo_hier_items200_h1500\PPO_1,PPO_1,294912,0,learner0,0.9993974566459656
ppo_hier_items200_h1500\PPO_1,PPO_1,300000,0,learner0,0.9992858171463013
ppo_hier_items200_h1500\PPO_1,PPO_1,325000,0,learner0,0.9990195035934448
ppo_hier_items200_h1500\PPO_1,PPO_1,327680,0,learner0,0.9990140199661255
ppo_hier_items200_h1500\PPO_1,PPO_1,350000,0,learner0,0.9990535974502563
ppo_hier_items200_h1500\PPO_1,PPO_1,360448,0,learner0,0.999025821685791
ppo_hier_items200_h1500\PPO_1,PPO_1,375000,0,learner0,0.9991859793663025
ppo_hier_items200_h1500\PPO_1,PPO_1,393216,0,learner0,0.9995200037956238
ppo_hier_items200_h1500\PPO_1,PPO_1,400000,0,learner0,0.9992493987083435
ppo_hier_items200_h1500\PPO_1,PPO_1,425000,0,learner0,0.9990122318267822
ppo_hier_items200_h1500\PPO_1,PPO_1,425984,0,learner0,0.9993373155593872
ppo_hier_items200_h1500\PPO_1,PPO_1,450000,0,learner0,0.9990414977073669
ppo_hier_items200_h1500\PPO_1,PPO_1,458752,0,learner0,0.9990607500076294
ppo_hier_items200_h1500\PPO_1,PPO_1,475000,0,learner0,0.9994917511940002
ppo_hier_items200_h1500\PPO_1,PPO_1,491520,0,learner0,0.9991497993469238
ppo_hier_items200_h1500\PPO_1,PPO_1,500000,0,learner0,0.9992055296897888
ppo_hier_items200_h1500\PPO_1,PPO_1,524288,0,learner0,0.9990787506103516
ppo_hier_items200_h1500\PPO_1,PPO_1,525000,0,learner0,0.999116837978363
ppo_hier_items200_h1500\PPO_1,PPO_1,550000,0,learner0,0.9997024536132812
ppo_hier_items200_h1500\PPO_1,PPO_1,557056,0,learner0,3.0090057849884033
ppo_hier_items200_h1500\PPO_1,PPO_1,575000,0,learner0,0.9996861815452576
ppo_hier_items200_h1500\PPO_1,PPO_1,589824,0,learner0,0.9991186857223511
ppo_hier_items200_h1500\PPO_1,PPO_1,600000,0,learner0,0.9998416900634766
ppo_hier_items200_h1500\PPO_1,PPO_1,622592,0,learner0,0.9996094703674316
ppo_hier_items200_h1500\PPO_1,PPO_1,625000,0,learner0,0.9990620017051697
ppo_hier_items200_h1500\PPO_1,PPO_1,650000,0,learner0,0.9991530776023865
ppo_hier_items200_h1500\PPO_1,PPO_1,655360,0,learner0,0.9990315437316895
ppo_hier_items200_h1500\PPO_1,PPO_1,675000,0,learner0,0.9991849660873413
ppo_hier_items200_h1500\PPO_1,PPO_1,688128,0,learner0,0.999233067035675
ppo_hier_items200_h1500\PPO_1,PPO_1,700000,0,learner0,0.9990639090538025
ppo_hier_items200_h1500\PPO_1,PPO_1,720896,0,learner0,0.9990559816360474
ppo_hier_items200_h1500\PPO_1,PPO_1,725000,0,learner0,0.9990708231925964
ppo_hier_items200_h1500\PPO_1,PPO_1,750000,0,learner0,3.009005546569824
ppo_hier_items200_h1500\PPO_1,PPO_1,753664,0,learner0,0.9995452761650085
ppo_hier_items200_h1500\PPO_1,PPO_1,775000,0,learner0,0.9994431734085083
ppo_hier_items200_h1500\PPO_1,PPO_1,786432,0,learner0,0.9994524121284485
ppo_hier_items200_h1500\PPO_1,PPO_1,800000,0,learner0,3.009049654006958
ppo_hier_items200_h1500\PPO_1,PPO_1,819200,0,learner0,0.9991833567619324
ppo_hier_items200_h1500\PPO_1,PPO_1,825000,0,learner0,0.9995055794715881
ppo_hier_items200_h1500\PPO_1,PPO_1,850000,0,learner0,0.9996331334114075
ppo_hier_items200_h1500\PPO_1,PPO_1,851968,0,learner0,0.9991578459739685
ppo_hier_items200_h1500\PPO_1,PPO_1,875000,0,learner0,0.9996856451034546
ppo_hier_items200_h1500\PPO_1,PPO_1,884736,0,learner0,0.9995027780532837
ppo_hier_items200_h1500\PPO_1,PPO_1,900000,0,learner0,0.9991916418075562
ppo_hier_items200_h1500\PPO_1,PPO_1,917504,0,learner0,3.009039878845215
ppo_hier_items200_h1500\PPO_1,PPO_1,925000,0,learner0,0.9990180134773254
ppo_hier_items200_h1500\PPO_1,PPO_1,950000,0,learner0,0.9991396069526672
ppo_hier_items200_h1500\PPO_1,PPO_1,950272,0,learner0,0.999019205570221
ppo_hier_items200_h1500\PPO_1,PPO_1,975000,0,learner0,3.009026288986206
ppo_hier_items200_h1500\PPO_1,PPO_1,983040,0,learner0,0.9997175931930542
ppo_hier_items200_h1500\PPO_1,PPO_1,1000000,0,learner0,3.0090010166168213
ppo_hier_items200_h1500\PPO_1,PPO_1,1015808,0,learner0,0.9990094304084778
ppo_hier_items200_h1500\PPO_1,PPO_1,1025000,0,learner0,3.009009838104248
ppo_hier_items200_h1500\PPO_1,PPO_1,1048576,0,learner0,0.9992923140525818
ppo_hier_items200_h1500\PPO_1,PPO_1,1050000,0,learner0,0.9990226030349731
ppo_hier_items200_h1500\PPO_1,PPO_1,1075000,0,learner0,0.9990843534469604
ppo_hier_items200_h1500\PPO_1,PPO_1,1081344,0,learner0,0.9990754723548889
ppo_hier_items200_h1500\PPO_1,PPO_1,1100000,0,learner0,3.009024143218994
ppo_hier_items200_h1500\PPO_1,PPO_1,1114112,0,learner0,0.9996573328971863
ppo_hier_items200_h1500\PPO_1,PPO_1,1125000,0,learner0,0.9995074272155762
ppo_hier_items200_h1500\PPO_1,PPO_1,1146880,0,learner0,0.9991507530212402
ppo_hier_items200_h1500\PPO_1,PPO_1,1150000,0,learner0,0.9990569949150085
ppo_hier_items200_h1500\PPO_1,PPO_1,1175000,0,learner0,0.9990434050559998
ppo_hier_items200_h1500\PPO_1,PPO_1,1179648,0,learner0,0.999233067035675
ppo_hier_items200_h1500\PPO_1,PPO_1,1200000,0,learner0,0.9997479915618896
ppo_hier_items200_h1500\PPO_1,PPO_1,1212416,0,learner0,0.9990230202674866
ppo_hier_items200_h1500\PPO_1,PPO_1,1225000,0,learner0,0.9990698099136353
ppo_hier_items200_h1500\PPO_1,PPO_1,1245184,0,learner0,3.009002685546875
ppo_hier_items200_h1500\PPO_1,PPO_1,1250000,0,learner0,0.9991543292999268
ppo_hier_items200_h1500\PPO_1,PPO_1,1275000,0,learner0,0.999007523059845
ppo_hier_items200_h1500\PPO_1,PPO_1,1277952,0,learner0,0.9990485310554504
ppo_hier_items200_h1500\PPO_1,PPO_1,1300000,0,learner0,0.9990122318267822
ppo_hier_items200_h1500\PPO_1,PPO_1,1310720,0,learner0,0.9990693926811218
ppo_hier_items200_h1500\PPO_1,PPO_1,1325000,0,learner0,0.9992818236351013
ppo_hier_items200_h1500\PPO_1,PPO_1,1343488,0,learner0,0.9997332096099854
ppo_hier_items200_h1500\PPO_1,PPO_1,1350000,0,learner0,0.9993449449539185
ppo_hier_items200_h1500\PPO_1,PPO_1,1375000,0,learner0,0.9990667104721069
ppo_hier_items200_h1500\PPO_1,PPO_1,1376256,0,learner0,3.0090250968933105
ppo_hier_items200_h1500\PPO_1,PPO_1,1400000,0,learner0,0.9994510412216187
ppo_hier_items200_h1500\PPO_1,PPO_1,1409024,0,learner0,0.9992831945419312
ppo_hier_items200_h1500\PPO_1,PPO_1,1425000,0,learner0,0.9995614290237427
ppo_hier_items200_h1500\PPO_1,PPO_1,1441792,0,learner0,0.999011218547821
ppo_hier_items200_h1500\PPO_1,PPO_1,1450000,0,learner0,0.9997024536132812
ppo_hier_items200_h1500\PPO_1,PPO_1,1474560,0,learner0,0.9990414977073669
ppo_hier_items200_h1500\PPO_1,PPO_1,1475000,0,learner0,3.0090491771698
ppo_hier_items200_h1500\PPO_1,PPO_1,1500000,0,learner0,0.9998428225517273
ppo_hier_items200_h1500\PPO_1,PPO_1,1507328,0,learner0,0.9990174770355225
ppo_hier_items200_h1500\PPO_1,PPO_1,1525000,0,learner0,0.9990076422691345
ppo_hier_items200_h1500\PPO_1,PPO_1,1540096,0,learner0,0.9992586970329285
ppo_hier_items200_h1500\PPO_1,PPO_1,1550000,0,learner0,0.9990190863609314
ppo_hier_items200_h1500\PPO_1,PPO_1,1572864,0,learner0,3.0090081691741943
ppo_hier_items200_h1500\PPO_1,PPO_1,1575000,0,learner0,0.9991869330406189
ppo_hier_items200_h1500\PPO_1,PPO_1,1600000,0,learner0,0.9990684390068054
ppo_hier_items200_h1500\PPO_1,PPO_1,1605632,0,learner0,0.9997482895851135
ppo_hier_items200_h1500\PPO_1,PPO_1,1625000,0,learner0,3.0090181827545166
ppo_hier_items200_h1500\PPO_1,PPO_1,1638400,0,learner0,0.9991049766540527
ppo_hier_items200_h1500\PPO_1,PPO_1,1650000,0,learner0,0.9993798732757568
ppo_hier_items200_h1500\PPO_1,PPO_1,1671168,0,learner0,0.9990099668502808
ppo_hier_items200_h1500\PPO_1,PPO_1,1675000,0,learner0,0.9993946552276611
ppo_hier_items200_h1500\PPO_1,PPO_1,1700000,0,learner0,0.9990256428718567
ppo_hier_items200_h1500\PPO_1,PPO_1,1703936,0,learner0,0.9996867179870605
ppo_hier_items200_h1500\PPO_1,PPO_1,1725000,0,learner0,0.999506950378418
ppo_hier_items200_h1500\PPO_1,PPO_1,1736704,0,learner0,0.9996762871742249
ppo_hier_items200_h1500\PPO_1,PPO_1,1750000,0,learner0,0.9990487098693848
ppo_hier_items200_h1500\PPO_1,PPO_1,1769472,0,learner0,0.9993418455123901
ppo_hier_items200_h1500\PPO_1,PPO_1,1775000,0,learner0,0.9996963739395142
ppo_hier_items200_h1500\PPO_1,PPO_1,1800000,0,learner0,0.9991055727005005
ppo_hier_items200_h1500\PPO_1,PPO_1,1802240,0,learner0,0.9990473985671997
ppo_hier_items200_h1500\PPO_1,PPO_1,1825000,0,learner0,0.9990553259849548
ppo_hier_items200_h1500\PPO_1,PPO_1,1835008,0,learner0,0.999853789806366
ppo_hier_items200_h1500\PPO_1,PPO_1,1850000,0,learner0,0.9991263747215271
ppo_hier_items200_h1500\PPO_1,PPO_1,1867776,0,learner0,0.9995468258857727
ppo_hier_items200_h1500\PPO_1,PPO_1,1875000,0,learner0,0.999210000038147
ppo_hier_items200_h1500\PPO_1,PPO_1,1900000,0,learner0,0.9992493987083435
ppo_hier_items200_h1500\PPO_1,PPO_1,1900544,0,learner0,0.9990066885948181
ppo_hier_items200_h1500\PPO_1,PPO_1,1925000,0,learner0,0.9993159770965576
ppo_hier_items200_h1500\PPO_1,PPO_1,1933312,0,learner0,0.9991008043289185
ppo_hier_items200_h1500\PPO_1,PPO_1,1950000,0,learner0,0.9994214773178101
ppo_hier_items200_h1500\PPO_1,PPO_1,1966080,0,learner0,0.9990081787109375
ppo_hier_items200_h1500\PPO_1,PPO_1,1975000,0,learner0,0.9994465112686157
ppo_hier_items200_h1500\PPO_1,PPO_1,1998848,0,learner0,0.9993942379951477
ppo_hier_items200_h1500\PPO_1,PPO_1,2000000,0,learner0,0.9990648627281189
ppo_hier_items200_h1500\PPO_1,PPO_1,2025000,0,learner0,3.0090041160583496
ppo_hier_items200_h1500\PPO_1,PPO_1,2031616,0,learner0,0.9992811679840088
ppo_hier_items200_h1500\PPO_1,PPO_1,25000,1,learner1,0.9991551041603088
ppo_hier_items200_h1500\PPO_1,PPO_1,32768,1,learner1,1.000799536705017
ppo_hier_items200_h1500\PPO_1,PPO_1,50000,1,learner1,0.9991068243980408
ppo_hier_items200_h1500\PPO_1,PPO_1,65536,1,learner1,1.0001376867294312
ppo_hier_items200_h1500\PPO_1,PPO_1,75000,1,learner1,0.9995238780975342
ppo_hier_items200_h1500\PPO_1,PPO_1,98304,1,learner1,0.9990109801292419
ppo_hier_items200_h1500\PPO_1,PPO_1,100000,1,learner1,0.999731719493866
ppo_hier_items200_h1500\PPO_1,PPO_1,125000,1,learner1,0.9999661445617676
ppo_hier_items200_h1500\PPO_1,PPO_1,131072,1,learner1,3.009108781814575
ppo_hier_items200_h1500\PPO_1,PPO_1,150000,1,learner1,1.0000975131988525
ppo_hier_items200_h1500\PPO_1,PPO_1,163840,1,learner1,1.000511884689331
ppo_hier_items200_h1500\PPO_1,PPO_1,175000,1,learner1,0.9993859529495239
ppo_hier_items200_h1500\PPO_1,PPO_1,196608,1,learner1,0.9997256398200989
ppo_hier_items200_h1500\PPO_1,PPO_1,200000,1,learner1,1.0005474090576172
ppo_hier_items200_h1500\PPO_1,PPO_1,225000,1,learner1,1.0010371208190918
ppo_hier_items200_h1500\PPO_1,PPO_1,229376,1,learner1,0.9992538094520569
ppo_hier_items200_h1500\PPO_1,PPO_1,250000,1,learner1,3.0090861320495605
ppo_hier_items200_h1500\PPO_1,PPO_1,262144,1,learner1,3.0090625286102295
ppo_hier_items200_h1500\PPO_1,PPO_1,275000,1,learner1,1.0007274150848389
ppo_hier_items200_h1500\PPO_1,PPO_1,294912,1,learner1,0.9995222687721252
ppo_hier_items200_h1500\PPO_1,PPO_1,300000,1,learner1,3.0090856552124023
ppo_hier_items200_h1500\PPO_1,PPO_1,325000,1,learner1,0.9991820454597473
ppo_hier_items200_h1500\PPO_1,PPO_1,327680,1,learner1,0.999833881855011
ppo_hier_items200_h1500\PPO_1,PPO_1,350000,1,learner1,3.0090227127075195
ppo_hier_items200_h1500\PPO_1,PPO_1,360448,1,learner1,0.9990577697753906
ppo_hier_items200_h1500\PPO_1,PPO_1,375000,1,learner1,0.9993923902511597
ppo_hier_items200_h1500\PPO_1,PPO_1,393216,1,learner1,3.0090670585632324
ppo_hier_items200_h1500\PPO_1,PPO_1,400000,1,learner1,0.999731719493866
ppo_hier_items200_h1500\PPO_1,PPO_1,425000,1,learner1,0.9993705153465271
ppo_hier_items200_h1500\PPO_1,PPO_1,425984,1,learner1,3.009026527404785
ppo_hier_items200_h1500\PPO_1,PPO_1,450000,1,learner1,1.000096082687378
ppo_hier_items200_h1500\PPO_1,PPO_1,458752,1,learner1,0.9995277523994446
ppo_hier_items200_h1500\PPO_1,PPO_1,475000,1,learner1,1.0002869367599487
ppo_hier_items200_h1500\PPO_1,PPO_1,491520,1,learner1,0.9993354678153992
ppo_hier_items200_h1500\PPO_1,PPO_1,500000,1,learner1,1.0004703998565674
ppo_hier_items200_h1500\PPO_1,PPO_1,524288,1,learner1,1.000515341758728
ppo_hier_items200_h1500\PPO_1,PPO_1,525000,1,learner1,0.9990906119346619
ppo_hier_items200_h1500\PPO_1,PPO_1,550000,1,learner1,1.0008275508880615
ppo_hier_items200_h1500\PPO_1,PPO_1,557056,1,learner1,0.999113917350769
ppo_hier_items200_h1500\PPO_1,PPO_1,575000,1,learner1,0.9991459846496582
ppo_hier_items200_h1500\PPO_1,PPO_1,589824,1,learner1,0.9993737936019897
ppo_hier_items200_h1500\PPO_1,PPO_1,600000,1,learner1,3.009235382080078
ppo_hier_items200_h1500\PPO_1,PPO_1,622592,1,learner1,1.0006623268127441
ppo_hier_items200_h1500\PPO_1,PPO_1,625000,1,learner1,0.9992255568504333
ppo_hier_items200_h1500\PPO_1,PPO_1,650000,1,learner1,0.9993653893470764
ppo_hier_items200_h1500\PPO_1,PPO_1,655360,1,learner1,3.009084463119507
ppo_hier_items200_h1500\PPO_1,PPO_1,675000,1,learner1,0.9995788931846619
ppo_hier_items200_h1500\PPO_1,PPO_1,688128,1,learner1,0.9990651607513428
ppo_hier_items200_h1500\PPO_1,PPO_1,700000,1,learner1,0.9993106722831726
ppo_hier_items200_h1500\PPO_1,PPO_1,720896,1,learner1,0.9992037415504456
ppo_hier_items200_h1500\PPO_1,PPO_1,725000,1,learner1,0.9999179840087891
ppo_hier_items200_h1500\PPO_1,PPO_1,750000,1,learner1,0.9991714954376221
ppo_hier_items200_h1500\PPO_1,PPO_1,753664,1,learner1,0.9991637468338013
ppo_hier_items200_h1500\PPO_1,PPO_1,775000,1,learner1,3.009061098098755
ppo_hier_items200_h1500\PPO_1,PPO_1,786432,1,learner1,0.9998417496681213
ppo_hier_items200_h1500\PPO_1,PPO_1,800000,1,learner1,1.0004005432128906
ppo_hier_items200_h1500\PPO_1,PPO_1,819200,1,learner1,0.9995603561401367
ppo_hier_items200_h1500\PPO_1,PPO_1,825000,1,learner1,1.0001773834228516
ppo_hier_items200_h1500\PPO_1,PPO_1,850000,1,learner1,1.0012625455856323
ppo_hier_items200_h1500\PPO_1,PPO_1,851968,1,learner1,3.0090701580047607
ppo_hier_items200_h1500\PPO_1,PPO_1,875000,1,learner1,3.00901460647583
ppo_hier_items200_h1500\PPO_1,PPO_1,884736,1,learner1,3.0091352462768555
ppo_hier_items200_h1500\PPO_1,PPO_1,900000,1,learner1,3.0090208053588867
ppo_hier_items200_h1500\PPO_1,PPO_1,917504,1,learner1,1.0000605583190918
ppo_hier_items200_h1500\PPO_1,PPO_1,925000,1,learner1,0.9991805553436279
ppo_hier_items200_h1500\PPO_1,PPO_1,950000,1,learner1,0.9994099736213684
ppo_hier_items200_h1500\PPO_1,PPO_1,950272,1,learner1,3.0090014934539795
ppo_hier_items200_h1500\PPO_1,PPO_1,975000,1,learner1,0.9995788931846619
ppo_hier_items200_h1500\PPO_1,PPO_1,983040,1,learner1,1.0007299184799194
ppo_hier_items200_h1500\PPO_1,PPO_1,1000000,1,learner1,0.9999064207077026
ppo_hier_items200_h1500\PPO_1,PPO_1,1015808,1,learner1,0.9995386004447937
ppo_hier_items200_h1500\PPO_1,PPO_1,1025000,1,learner1,3.009026288986206
ppo_hier_items200_h1500\PPO_1,PPO_1,1048576,1,learner1,3.009021759033203
ppo_hier_items200_h1500\PPO_1,PPO_1,1050000,1,learner1,1.0000975131988525
ppo_hier_items200_h1500\PPO_1,PPO_1,1075000,1,learner1,1.0004328489303589
ppo_hier_items200_h1500\PPO_1,PPO_1,1081344,1,learner1,0.9993055462837219
ppo_hier_items200_h1500\PPO_1,PPO_1,1100000,1,learner1,0.999006450176239
ppo_hier_items200_h1500\PPO_1,PPO_1,1114112,1,learner1,3.0092923641204834
ppo_hier_items200_h1500\PPO_1,PPO_1,1125000,1,learner1,1.0005738735198975
ppo_hier_items200_h1500\PPO_1,PPO_1,1146880,1,learner1,3.0091984272003174
ppo_hier_items200_h1500\PPO_1,PPO_1,1150000,1,learner1,1.0010497570037842
ppo_hier_items200_h1500\PPO_1,PPO_1,1175000,1,learner1,0.9990689158439636
ppo_hier_items200_h1500\PPO_1,PPO_1,1179648,1,learner1,3.0091493129730225
ppo_hier_items200_h1500\PPO_1,PPO_1,1200000,1,learner1,1.0010972023010254
ppo_hier_items200_h1500\PPO_1,PPO_1,1212416,1,learner1,0.9990730881690979
ppo_hier_items200_h1500\PPO_1,PPO_1,1225000,1,learner1,0.9991791248321533
ppo_hier_items200_h1500\PPO_1,PPO_1,1245184,1,learner1,1.0010803937911987
ppo_hier_items200_h1500\PPO_1,PPO_1,1250000,1,learner1,3.009063482284546
ppo_hier_items200_h1500\PPO_1,PPO_1,1275000,1,learner1,3.009032726287842
ppo_hier_items200_h1500\PPO_1,PPO_1,1277952,1,learner1,1.0001533031463623
ppo_hier_items200_h1500\PPO_1,PPO_1,1300000,1,learner1,3.0090174674987793
ppo_hier_items200_h1500\PPO_1,PPO_1,1310720,1,learner1,0.9995262026786804
ppo_hier_items200_h1500\PPO_1,PPO_1,1325000,1,learner1,0.9999179840087891
ppo_hier_items200_h1500\PPO_1,PPO_1,1343488,1,learner1,3.009047269821167
ppo_hier_items200_h1500\PPO_1,PPO_1,1350000,1,learner1,3.0091593265533447
ppo_hier_items200_h1500\PPO_1,PPO_1,1375000,1,learner1,0.9990414977073669
ppo_hier_items200_h1500\PPO_1,PPO_1,1376256,1,learner1,1.0002973079681396
ppo_hier_items200_h1500\PPO_1,PPO_1,1400000,1,learner1,1.0005474090576172
ppo_hier_items200_h1500\PPO_1,PPO_1,1409024,1,learner1,1.0001401901245117
ppo_hier_items200_h1500\PPO_1,PPO_1,1425000,1,learner1,0.9994180202484131
ppo_hier_items200_h1500\PPO_1,PPO_1,1441792,1,learner1,0.9993462562561035
ppo_hier_items200_h1500\PPO_1,PPO_1,1450000,1,learner1,1.0005707740783691
ppo_hier_items200_h1500\PPO_1,PPO_1,1474560,1,learner1,1.0009294748306274
ppo_hier_items200_h1500\PPO_1,PPO_1,1475000,1,learner1,1.0010186433792114
ppo_hier_items200_h1500\PPO_1,PPO_1,1500000,1,learner1,1.0014580488204956
ppo_hier_items200_h1500\PPO_1,PPO_1,1507328,1,learner1,0.9999599456787109
ppo_hier_items200_h1500\PPO_1,PPO_1,1525000,1,learner1,0.9991925954818726
ppo_hier_items200_h1500\PPO_1,PPO_1,1540096,1,learner1,0.9997507929801941
ppo_hier_items200_h1500\PPO_1,PPO_1,1550000,1,learner1,0.9990996718406677
ppo_hier_items200_h1500\PPO_1,PPO_1,1572864,1,learner1,0.9991946220397949
ppo_hier_items200_h1500\PPO_1,PPO_1,1575000,1,learner1,0.9995788931846619
ppo_hier_items200_h1500\PPO_1,PPO_1,1600000,1,learner1,0.9990052580833435
ppo_hier_items200_h1500\PPO_1,PPO_1,1605632,1,learner1,1.0008622407913208
ppo_hier_items200_h1500\PPO_1,PPO_1,1625000,1,learner1,3.009089469909668
ppo_hier_items200_h1500\PPO_1,PPO_1,1638400,1,learner1,1.0001691579818726
ppo_hier_items200_h1500\PPO_1,PPO_1,1650000,1,learner1,0.999024510383606
ppo_hier_items200_h1500\PPO_1,PPO_1,1671168,1,learner1,0.9990107417106628
ppo_hier_items200_h1500\PPO_1,PPO_1,1675000,1,learner1,0.999143123626709
ppo_hier_items200_h1500\PPO_1,PPO_1,1700000,1,learner1,1.0004005432128906
ppo_hier_items200_h1500\PPO_1,PPO_1,1703936,1,learner1,1.0013043880462646
ppo_hier_items200_h1500\PPO_1,PPO_1,1725000,1,learner1,1.000575304031372
ppo_hier_items200_h1500\PPO_1,PPO_1,1736704,1,learner1,1.0003676414489746
ppo_hier_items200_h1500\PPO_1,PPO_1,1750000,1,learner1,1.0009331703186035
ppo_hier_items200_h1500\PPO_1,PPO_1,1769472,1,learner1,0.9992837309837341
ppo_hier_items200_h1500\PPO_1,PPO_1,1775000,1,learner1,1.0004385709762573
ppo_hier_items200_h1500\PPO_1,PPO_1,1800000,1,learner1,0.9990216493606567
ppo_hier_items200_h1500\PPO_1,PPO_1,1802240,1,learner1,0.9993517398834229
ppo_hier_items200_h1500\PPO_1,PPO_1,1825000,1,learner1,0.9992237091064453
ppo_hier_items200_h1500\PPO_1,PPO_1,1835008,1,learner1,0.9994395971298218
ppo_hier_items200_h1500\PPO_1,PPO_1,1850000,1,learner1,0.9992602467536926
ppo_hier_items200_h1500\PPO_1,PPO_1,1867776,1,learner1,1.000220775604248
ppo_hier_items200_h1500\PPO_1,PPO_1,1875000,1,learner1,0.999548614025116
ppo_hier_items200_h1500\PPO_1,PPO_1,1900000,1,learner1,3.009004831314087
ppo_hier_items200_h1500\PPO_1,PPO_1,1900544,1,learner1,1.0000314712524414
ppo_hier_items200_h1500\PPO_1,PPO_1,1925000,1,learner1,0.9998757243156433
ppo_hier_items200_h1500\PPO_1,PPO_1,1933312,1,learner1,0.999294638633728
ppo_hier_items200_h1500\PPO_1,PPO_1,1950000,1,learner1,1.0000946521759033
ppo_hier_items200_h1500\PPO_1,PPO_1,1966080,1,learner1,0.9994255304336548
ppo_hier_items200_h1500\PPO_1,PPO_1,1975000,1,learner1,0.9991708397865295
ppo_hier_items200_h1500\PPO_1,PPO_1,1998848,1,learner1,1.0002005100250244
ppo_hier_items200_h1500\PPO_1,PPO_1,2000000,1,learner1,1.000545859336853
ppo_hier_items200_h1500\PPO_1,PPO_1,2025000,1,learner1,1.0006437301635742
ppo_hier_items200_h1500\PPO_1,PPO_1,2031616,1,learner1,0.9997437596321106
ppo_hier_items200_h1500\PPO_1,PPO_1,25000,2,learner2,0.9990731477737427
ppo_hier_items200_h1500\PPO_1,PPO_1,32768,2,learner2,0.9995743036270142
ppo_hier_items200_h1500\PPO_1,PPO_1,50000,2,learner2,0.999117374420166
ppo_hier_items200_h1500\PPO_1,PPO_1,65536,2,learner2,0.99932861328125
ppo_hier_items200_h1500\PPO_1,PPO_1,75000,2,learner2,0.999180793762207
ppo_hier_items200_h1500\PPO_1,PPO_1,98304,2,learner2,0.9991726875305176
ppo_hier_items200_h1500\PPO_1,PPO_1,100000,2,learner2,0.9991745948791504
ppo_hier_items200_h1500\PPO_1,PPO_1,125000,2,learner2,0.9993241429328918
ppo_hier_items200_h1500\PPO_1,PPO_1,131072,2,learner2,3.0090582370758057
ppo_hier_items200_h1500\PPO_1,PPO_1,150000,2,learner2,3.0090720653533936
ppo_hier_items200_h1500\PPO_1,PPO_1,163840,2,learner2,0.9993424415588379
ppo_hier_items200_h1500\PPO_1,PPO_1,175000,2,learner2,0.9994539022445679
ppo_hier_items200_h1500\PPO_1,PPO_1,196608,2,learner2,0.9990754127502441
ppo_hier_items200_h1500\PPO_1,PPO_1,200000,2,learner2,0.9993494153022766
ppo_hier_items200_h1500\PPO_1,PPO_1,225000,2,learner2,0.9995428919792175
ppo_hier_items200_h1500\PPO_1,PPO_1,229376,2,learner2,0.9990822076797485
ppo_hier_items200_h1500\PPO_1,PPO_1,250000,2,learner2,0.9995928406715393
ppo_hier_items200_h1500\PPO_1,PPO_1,262144,2,learner2,0.9996812343597412
ppo_hier_items200_h1500\PPO_1,PPO_1,275000,2,learner2,0.9994804263114929
ppo_hier_items200_h1500\PPO_1,PPO_1,294912,2,learner2,0.9994102716445923
ppo_hier_items200_h1500\PPO_1,PPO_1,300000,2,learner2,0.9990860819816589
ppo_hier_items200_h1500\PPO_1,PPO_1,325000,2,learner2,0.9990589022636414
ppo_hier_items200_h1500\PPO_1,PPO_1,327680,2,learner2,0.9992384910583496
ppo_hier_items200_h1500\PPO_1,PPO_1,350000,2,learner2,0.9991307258605957
ppo_hier_items200_h1500\PPO_1,PPO_1,360448,2,learner2,0.9990290999412537
ppo_hier_items200_h1500\PPO_1,PPO_1,375000,2,learner2,0.9992012977600098
ppo_hier_items200_h1500\PPO_1,PPO_1,393216,2,learner2,0.9995564222335815
ppo_hier_items200_h1500\PPO_1,PPO_1,400000,2,learner2,0.9992587566375732
ppo_hier_items200_h1500\PPO_1,PPO_1,425000,2,learner2,0.9993734359741211
ppo_hier_items200_h1500\PPO_1,PPO_1,425984,2,learner2,0.9992616772651672
ppo_hier_items200_h1500\PPO_1,PPO_1,450000,2,learner2,3.00903582572937
ppo_hier_items200_h1500\PPO_1,PPO_1,458752,2,learner2,0.9992062449455261
ppo_hier_items200_h1500\PPO_1,PPO_1,475000,2,learner2,0.9994222521781921
ppo_hier_items200_h1500\PPO_1,PPO_1,491520,2,learner2,0.9992512464523315
ppo_hier_items200_h1500\PPO_1,PPO_1,500000,2,learner2,0.9993494153022766
ppo_hier_items200_h1500\PPO_1,PPO_1,524288,2,learner2,0.9995428919792175
ppo_hier_items200_h1500\PPO_1,PPO_1,525000,2,learner2,0.999393105506897
ppo_hier_items200_h1500\PPO_1,PPO_1,550000,2,learner2,0.9990017414093018
ppo_hier_items200_h1500\PPO_1,PPO_1,557056,2,learner2,0.9990916848182678
ppo_hier_items200_h1500\PPO_1,PPO_1,575000,2,learner2,0.9997204542160034
ppo_hier_items200_h1500\PPO_1,PPO_1,589824,2,learner2,0.9991105794906616
ppo_hier_items200_h1500\PPO_1,PPO_1,600000,2,learner2,3.0090153217315674
ppo_hier_items200_h1500\PPO_1,PPO_1,622592,2,learner2,0.9992272853851318
ppo_hier_items200_h1500\PPO_1,PPO_1,625000,2,learner2,0.9990601539611816
ppo_hier_items200_h1500\PPO_1,PPO_1,650000,2,learner2,0.9991183280944824
ppo_hier_items200_h1500\PPO_1,PPO_1,655360,2,learner2,0.9994363188743591
ppo_hier_items200_h1500\PPO_1,PPO_1,675000,2,learner2,0.9991808533668518
ppo_hier_items200_h1500\PPO_1,PPO_1,688128,2,learner2,0.9993093013763428
ppo_hier_items200_h1500\PPO_1,PPO_1,700000,2,learner2,0.9990209341049194
ppo_hier_items200_h1500\PPO_1,PPO_1,720896,2,learner2,0.9990543127059937
ppo_hier_items200_h1500\PPO_1,PPO_1,725000,2,learner2,0.9990726709365845
ppo_hier_items200_h1500\PPO_1,PPO_1,750000,2,learner2,0.9990800619125366
ppo_hier_items200_h1500\PPO_1,PPO_1,753664,2,learner2,0.9994224309921265
ppo_hier_items200_h1500\PPO_1,PPO_1,775000,2,learner2,0.999423623085022
ppo_hier_items200_h1500\PPO_1,PPO_1,786432,2,learner2,0.9993817806243896
ppo_hier_items200_h1500\PPO_1,PPO_1,800000,2,learner2,0.999484121799469
ppo_hier_items200_h1500\PPO_1,PPO_1,819200,2,learner2,0.9991939663887024
ppo_hier_items200_h1500\PPO_1,PPO_1,825000,2,learner2,0.9995428919792175
ppo_hier_items200_h1500\PPO_1,PPO_1,850000,2,learner2,3.009046792984009
ppo_hier_items200_h1500\PPO_1,PPO_1,851968,2,learner2,3.009049654006958
ppo_hier_items200_h1500\PPO_1,PPO_1,875000,2,learner2,0.9996635317802429
ppo_hier_items200_h1500\PPO_1,PPO_1,884736,2,learner2,0.9995265007019043
ppo_hier_items200_h1500\PPO_1,PPO_1,900000,2,learner2,3.0091519355773926
ppo_hier_items200_h1500\PPO_1,PPO_1,917504,2,learner2,0.9994123578071594
ppo_hier_items200_h1500\PPO_1,PPO_1,925000,2,learner2,3.009005308151245
ppo_hier_items200_h1500\PPO_1,PPO_1,950000,2,learner2,0.9990147352218628
ppo_hier_items200_h1500\PPO_1,PPO_1,950272,2,learner2,0.9991475939750671
ppo_hier_items200_h1500\PPO_1,PPO_1,975000,2,learner2,0.99908447265625
ppo_hier_items200_h1500\PPO_1,PPO_1,983040,2,learner2,0.9990531206130981
ppo_hier_items200_h1500\PPO_1,PPO_1,1000000,2,learner2,0.9992592334747314
ppo_hier_items200_h1500\PPO_1,PPO_1,1015808,2,learner2,0.9995119571685791
ppo_hier_items200_h1500\PPO_1,PPO_1,1025000,2,learner2,0.9990201592445374
ppo_hier_items200_h1500\PPO_1,PPO_1,1048576,2,learner2,0.9992001056671143
ppo_hier_items200_h1500\PPO_1,PPO_1,1050000,2,learner2,0.9992606043815613
ppo_hier_items200_h1500\PPO_1,PPO_1,1075000,2,learner2,0.9993053674697876
ppo_hier_items200_h1500\PPO_1,PPO_1,1081344,2,learner2,0.999080240726471
ppo_hier_items200_h1500\PPO_1,PPO_1,1100000,2,learner2,0.9993494153022766
ppo_hier_items200_h1500\PPO_1,PPO_1,1114112,2,learner2,3.0090794563293457
ppo_hier_items200_h1500\PPO_1,PPO_1,1125000,2,learner2,0.9995428919792175
ppo_hier_items200_h1500\PPO_1,PPO_1,1146880,2,learner2,0.9994168281555176
ppo_hier_items200_h1500\PPO_1,PPO_1,1150000,2,learner2,0.99943608045578
ppo_hier_items200_h1500\PPO_1,PPO_1,1175000,2,learner2,0.9992446899414062
ppo_hier_items200_h1500\PPO_1,PPO_1,1179648,2,learner2,3.0090298652648926
ppo_hier_items200_h1500\PPO_1,PPO_1,1200000,2,learner2,0.9997261166572571
ppo_hier_items200_h1500\PPO_1,PPO_1,1212416,2,learner2,0.9990072250366211
ppo_hier_items200_h1500\PPO_1,PPO_1,1225000,2,learner2,0.9990589022636414
ppo_hier_items200_h1500\PPO_1,PPO_1,1245184,2,learner2,0.999687671661377
ppo_hier_items200_h1500\PPO_1,PPO_1,1250000,2,learner2,0.9991183280944824
ppo_hier_items200_h1500\PPO_1,PPO_1,1275000,2,learner2,0.999180793762207
ppo_hier_items200_h1500\PPO_1,PPO_1,1277952,2,learner2,0.9993864297866821
ppo_hier_items200_h1500\PPO_1,PPO_1,1300000,2,learner2,0.9992618560791016
ppo_hier_items200_h1500\PPO_1,PPO_1,1310720,2,learner2,0.9990544319152832
ppo_hier_items200_h1500\PPO_1,PPO_1,1325000,2,learner2,0.9992182850837708
ppo_hier_items200_h1500\PPO_1,PPO_1,1343488,2,learner2,0.9997523427009583
ppo_hier_items200_h1500\PPO_1,PPO_1,1350000,2,learner2,0.9993619322776794
ppo_hier_items200_h1500\PPO_1,PPO_1,1375000,2,learner2,0.9994701147079468
ppo_hier_items200_h1500\PPO_1,PPO_1,1376256,2,learner2,3.009122133255005
ppo_hier_items200_h1500\PPO_1,PPO_1,1400000,2,learner2,0.9993494153022766
ppo_hier_items200_h1500\PPO_1,PPO_1,1409024,2,learner2,3.0090386867523193
ppo_hier_items200_h1500\PPO_1,PPO_1,1425000,2,learner2,0.9990472793579102
ppo_hier_items200_h1500\PPO_1,PPO_1,1441792,2,learner2,0.9990396499633789
ppo_hier_items200_h1500\PPO_1,PPO_1,1450000,2,learner2,0.9990361928939819
ppo_hier_items200_h1500\PPO_1,PPO_1,1474560,2,learner2,0.9996395111083984
ppo_hier_items200_h1500\PPO_1,PPO_1,1475000,2,learner2,0.9994804263114929
ppo_hier_items200_h1500\PPO_1,PPO_1,1500000,2,learner2,0.9997261166572571
ppo_hier_items200_h1500\PPO_1,PPO_1,1507328,2,learner2,0.9994439482688904
ppo_hier_items200_h1500\PPO_1,PPO_1,1525000,2,learner2,0.9990601539611816
ppo_hier_items200_h1500\PPO_1,PPO_1,1540096,2,learner2,0.9992469549179077
ppo_hier_items200_h1500\PPO_1,PPO_1,1550000,2,learner2,3.0090091228485107
ppo_hier_items200_h1500\PPO_1,PPO_1,1572864,2,learner2,0.9990647435188293
ppo_hier_items200_h1500\PPO_1,PPO_1,1575000,2,learner2,0.9991298317909241
ppo_hier_items200_h1500\PPO_1,PPO_1,1600000,2,learner2,3.0090198516845703
ppo_hier_items200_h1500\PPO_1,PPO_1,1605632,2,learner2,0.9994210600852966
ppo_hier_items200_h1500\PPO_1,PPO_1,1625000,2,learner2,0.999301552772522
ppo_hier_items200_h1500\PPO_1,PPO_1,1638400,2,learner2,3.0090410709381104
ppo_hier_items200_h1500\PPO_1,PPO_1,1650000,2,learner2,0.9991468191146851
ppo_hier_items200_h1500\PPO_1,PPO_1,1671168,2,learner2,0.9991915225982666
ppo_hier_items200_h1500\PPO_1,PPO_1,1675000,2,learner2,0.9990643858909607
ppo_hier_items200_h1500\PPO_1,PPO_1,1700000,2,learner2,0.9995372891426086
ppo_hier_items200_h1500\PPO_1,PPO_1,1703936,2,learner2,3.009014129638672
ppo_hier_items200_h1500\PPO_1,PPO_1,1725000,2,learner2,0.9995419383049011
ppo_hier_items200_h1500\PPO_1,PPO_1,1736704,2,learner2,0.9990449547767639
ppo_hier_items200_h1500\PPO_1,PPO_1,1750000,2,learner2,0.9990931153297424
ppo_hier_items200_h1500\PPO_1,PPO_1,1769472,2,learner2,3.0090222358703613
ppo_hier_items200_h1500\PPO_1,PPO_1,1775000,2,learner2,0.9996651411056519
ppo_hier_items200_h1500\PPO_1,PPO_1,1800000,2,learner2,0.9991202354431152
ppo_hier_items200_h1500\PPO_1,PPO_1,1802240,2,learner2,3.009005308151245
ppo_hier_items200_h1500\PPO_1,PPO_1,1825000,2,learner2,0.9990052580833435
ppo_hier_items200_h1500\PPO_1,PPO_1,1835008,2,learner2,0.999036967754364
ppo_hier_items200_h1500\PPO_1,PPO_1,1850000,2,learner2,3.0090112686157227
ppo_hier_items200_h1500\PPO_1,PPO_1,1867776,2,learner2,3.0090179443359375
ppo_hier_items200_h1500\PPO_1,PPO_1,1875000,2,learner2,0.9992230534553528
ppo_hier_items200_h1500\PPO_1,PPO_1,1900000,2,learner2,0.9992414712905884
ppo_hier_items200_h1500\PPO_1,PPO_1,1900544,2,learner2,0.999040424823761
ppo_hier_items200_h1500\PPO_1,PPO_1,1925000,2,learner2,0.999121904373169
ppo_hier_items200_h1500\PPO_1,PPO_1,1933312,2,learner2,3.0090091228485107
ppo_hier_items200_h1500\PPO_1,PPO_1,1950000,2,learner2,0.9993929862976074
ppo_hier_items200_h1500\PPO_1,PPO_1,1966080,2,learner2,0.9996095299720764
ppo_hier_items200_h1500\PPO_1,PPO_1,1975000,2,learner2,0.9990224838256836
ppo_hier_items200_h1500\PPO_1,PPO_1,1998848,2,learner2,3.009014368057251
ppo_hier_items200_h1500\PPO_1,PPO_1,2000000,2,learner2,3.0090255737304688
ppo_hier_items200_h1500\PPO_1,PPO_1,2025000,2,learner2,0.9995428919792175
ppo_hier_items200_h1500\PPO_1,PPO_1,2031616,2,learner2,0.9992697834968567
ppo_hier_items200_h1500\PPO_1,PPO_1,25000,3,learner3,0.9991647005081177
ppo_hier_items200_h1500\PPO_1,PPO_1,32768,3,learner3,3.009300947189331
ppo_hier_items200_h1500\PPO_1,PPO_1,50000,3,learner3,0.9993478059768677
ppo_hier_items200_h1500\PPO_1,PPO_1,65536,3,learner3,0.9999253749847412
ppo_hier_items200_h1500\PPO_1,PPO_1,75000,3,learner3,0.9991809725761414
ppo_hier_items200_h1500\PPO_1,PPO_1,98304,3,learner3,0.999305248260498
ppo_hier_items200_h1500\PPO_1,PPO_1,100000,3,learner3,0.9995286464691162
ppo_hier_items200_h1500\PPO_1,PPO_1,125000,3,learner3,0.9991371631622314
ppo_hier_items200_h1500\PPO_1,PPO_1,131072,3,learner3,0.9992210865020752
ppo_hier_items200_h1500\PPO_1,PPO_1,150000,3,learner3,1.000044822692871
ppo_hier_items200_h1500\PPO_1,PPO_1,163840,3,learner3,1.0004825592041016
ppo_hier_items200_h1500\PPO_1,PPO_1,175000,3,learner3,0.9990179538726807
ppo_hier_items200_h1500\PPO_1,PPO_1,196608,3,learner3,0.9997278451919556
ppo_hier_items200_h1500\PPO_1,PPO_1,200000,3,learner3,1.000512719154358
ppo_hier_items200_h1500\PPO_1,PPO_1,225000,3,learner3,3.0090599060058594
ppo_hier_items200_h1500\PPO_1,PPO_1,229376,3,learner3,0.9992766380310059
ppo_hier_items200_h1500\PPO_1,PPO_1,250000,3,learner3,1.0007398128509521
ppo_hier_items200_h1500\PPO_1,PPO_1,262144,3,learner3,1.0008621215820312
ppo_hier_items200_h1500\PPO_1,PPO_1,275000,3,learner3,1.0009132623672485
ppo_hier_items200_h1500\PPO_1,PPO_1,294912,3,learner3,0.9990447759628296
ppo_hier_items200_h1500\PPO_1,PPO_1,300000,3,learner3,1.0010865926742554
ppo_hier_items200_h1500\PPO_1,PPO_1,325000,3,learner3,0.9991937279701233
ppo_hier_items200_h1500\PPO_1,PPO_1,327680,3,learner3,0.9996421337127686
ppo_hier_items200_h1500\PPO_1,PPO_1,350000,3,learner3,0.9993320107460022
ppo_hier_items200_h1500\PPO_1,PPO_1,360448,3,learner3,0.9990850687026978
ppo_hier_items200_h1500\PPO_1,PPO_1,375000,3,learner3,0.9992405772209167
ppo_hier_items200_h1500\PPO_1,PPO_1,393216,3,learner3,1.000693678855896
ppo_hier_items200_h1500\PPO_1,PPO_1,400000,3,learner3,0.999733567237854
ppo_hier_items200_h1500\PPO_1,PPO_1,425000,3,learner3,0.9999444484710693
ppo_hier_items200_h1500\PPO_1,PPO_1,425984,3,learner3,1.0000433921813965
ppo_hier_items200_h1500\PPO_1,PPO_1,450000,3,learner3,3.009006977081299
ppo_hier_items200_h1500\PPO_1,PPO_1,458752,3,learner3,0.9993645548820496
ppo_hier_items200_h1500\PPO_1,PPO_1,475000,3,learner3,0.9995702505111694
ppo_hier_items200_h1500\PPO_1,PPO_1,491520,3,learner3,1.0012587308883667
ppo_hier_items200_h1500\PPO_1,PPO_1,500000,3,learner3,1.0006102323532104
ppo_hier_items200_h1500\PPO_1,PPO_1,524288,3,learner3,3.0090579986572266
ppo_hier_items200_h1500\PPO_1,PPO_1,525000,3,learner3,3.0092759132385254
ppo_hier_items200_h1500\PPO_1,PPO_1,550000,3,learner3,0.9990570545196533
ppo_hier_items200_h1500\PPO_1,PPO_1,557056,3,learner3,1.0000208616256714
ppo_hier_items200_h1500\PPO_1,PPO_1,575000,3,learner3,0.9995655417442322
ppo_hier_items200_h1500\PPO_1,PPO_1,589824,3,learner3,0.9990889430046082
ppo_hier_items200_h1500\PPO_1,PPO_1,600000,3,learner3,0.9996522068977356
ppo_hier_items200_h1500\PPO_1,PPO_1,622592,3,learner3,0.9991379380226135
ppo_hier_items200_h1500\PPO_1,PPO_1,625000,3,learner3,0.9991647005081177
ppo_hier_items200_h1500\PPO_1,PPO_1,650000,3,learner3,0.9993904829025269
ppo_hier_items200_h1500\PPO_1,PPO_1,655360,3,learner3,0.9994919300079346
ppo_hier_items200_h1500\PPO_1,PPO_1,675000,3,learner3,0.9995496273040771
ppo_hier_items200_h1500\PPO_1,PPO_1,688128,3,learner3,0.9992983341217041
ppo_hier_items200_h1500\PPO_1,PPO_1,700000,3,learner3,0.9998064041137695
ppo_hier_items200_h1500\PPO_1,PPO_1,720896,3,learner3,0.9991700649261475
ppo_hier_items200_h1500\PPO_1,PPO_1,725000,3,learner3,0.9998279213905334
ppo_hier_items200_h1500\PPO_1,PPO_1,750000,3,learner3,1.0001773834228516
ppo_hier_items200_h1500\PPO_1,PPO_1,753664,3,learner3,0.999157190322876
ppo_hier_items200_h1500\PPO_1,PPO_1,775000,3,learner3,1.0004106760025024
ppo_hier_items200_h1500\PPO_1,PPO_1,786432,3,learner3,1.0000747442245483
ppo_hier_items200_h1500\PPO_1,PPO_1,800000,3,learner3,0.9993487596511841
ppo_hier_items200_h1500\PPO_1,PPO_1,819200,3,learner3,0.9995056390762329
ppo_hier_items200_h1500\PPO_1,PPO_1,825000,3,learner3,1.0008095502853394
ppo_hier_items200_h1500\PPO_1,PPO_1,850000,3,learner3,3.0091118812561035
ppo_hier_items200_h1500\PPO_1,PPO_1,851968,3,learner3,0.9995941519737244
ppo_hier_items200_h1500\PPO_1,PPO_1,875000,3,learner3,1.0010157823562622
ppo_hier_items200_h1500\PPO_1,PPO_1,884736,3,learner3,0.999326229095459
ppo_hier_items200_h1500\PPO_1,PPO_1,900000,3,learner3,1.0014146566390991
ppo_hier_items200_h1500\PPO_1,PPO_1,917504,3,learner3,3.0090088844299316
ppo_hier_items200_h1500\PPO_1,PPO_1,925000,3,learner3,0.9991953372955322
ppo_hier_items200_h1500\PPO_1,PPO_1,950000,3,learner3,0.999392032623291
ppo_hier_items200_h1500\PPO_1,PPO_1,950272,3,learner3,0.9994279742240906
ppo_hier_items200_h1500\PPO_1,PPO_1,975000,3,learner3,0.9995511174201965
ppo_hier_items200_h1500\PPO_1,PPO_1,983040,3,learner3,3.0091302394866943
ppo_hier_items200_h1500\PPO_1,PPO_1,1000000,3,learner3,3.0090174674987793
ppo_hier_items200_h1500\PPO_1,PPO_1,1015808,3,learner3,1.000301480293274
ppo_hier_items200_h1500\PPO_1,PPO_1,1025000,3,learner3,1.000004768371582
ppo_hier_items200_h1500\PPO_1,PPO_1,1048576,3,learner3,0.9992623329162598
ppo_hier_items200_h1500\PPO_1,PPO_1,1050000,3,learner3,3.009129285812378
ppo_hier_items200_h1500\PPO_1,PPO_1,1075000,3,learner3,1.0001667737960815
ppo_hier_items200_h1500\PPO_1,PPO_1,1081344,3,learner3,0.9992347359657288
ppo_hier_items200_h1500\PPO_1,PPO_1,1100000,3,learner3,1.0005691051483154
ppo_hier_items200_h1500\PPO_1,PPO_1,1114112,3,learner3,0.9995970129966736
ppo_hier_items200_h1500\PPO_1,PPO_1,1125000,3,learner3,1.0007600784301758
ppo_hier_items200_h1500\PPO_1,PPO_1,1146880,3,learner3,1.000302791595459
ppo_hier_items200_h1500\PPO_1,PPO_1,1150000,3,learner3,1.000835657119751
ppo_hier_items200_h1500\PPO_1,PPO_1,1175000,3,learner3,0.9992243051528931
ppo_hier_items200_h1500\PPO_1,PPO_1,1179648,3,learner3,0.9997174739837646
ppo_hier_items200_h1500\PPO_1,PPO_1,1200000,3,learner3,1.0012015104293823
ppo_hier_items200_h1500\PPO_1,PPO_1,1212416,3,learner3,0.9990825653076172
ppo_hier_items200_h1500\PPO_1,PPO_1,1225000,3,learner3,0.999188244342804
ppo_hier_items200_h1500\PPO_1,PPO_1,1245184,3,learner3,1.0007960796356201
ppo_hier_items200_h1500\PPO_1,PPO_1,1250000,3,learner3,0.9991469383239746
ppo_hier_items200_h1500\PPO_1,PPO_1,1275000,3,learner3,0.999583899974823
ppo_hier_items200_h1500\PPO_1,PPO_1,1277952,3,learner3,0.9993454217910767
ppo_hier_items200_h1500\PPO_1,PPO_1,1300000,3,learner3,0.999118447303772
ppo_hier_items200_h1500\PPO_1,PPO_1,1310720,3,learner3,0.9994550943374634
ppo_hier_items200_h1500\PPO_1,PPO_1,1325000,3,learner3,0.9999459981918335
ppo_hier_items200_h1500\PPO_1,PPO_1,1343488,3,learner3,3.0090651512145996
ppo_hier_items200_h1500\PPO_1,PPO_1,1350000,3,learner3,0.9990089535713196
ppo_hier_items200_h1500\PPO_1,PPO_1,1375000,3,learner3,3.0090548992156982
ppo_hier_items200_h1500\PPO_1,PPO_1,1376256,3,learner3,1.0006648302078247
ppo_hier_items200_h1500\PPO_1,PPO_1,1400000,3,learner3,1.000566005706787
ppo_hier_items200_h1500\PPO_1,PPO_1,1409024,3,learner3,1.0000128746032715
ppo_hier_items200_h1500\PPO_1,PPO_1,1425000,3,learner3,1.000499963760376
ppo_hier_items200_h1500\PPO_1,PPO_1,1441792,3,learner3,0.9993302226066589
ppo_hier_items200_h1500\PPO_1,PPO_1,1450000,3,learner3,1.0006663799285889
ppo_hier_items200_h1500\PPO_1,PPO_1,1474560,3,learner3,0.9995424151420593
ppo_hier_items200_h1500\PPO_1,PPO_1,1475000,3,learner3,1.0009132623672485
ppo_hier_items200_h1500\PPO_1,PPO_1,1500000,3,learner3,1.0012634992599487
ppo_hier_items200_h1500\PPO_1,PPO_1,1507328,3,learner3,1.0002241134643555
ppo_hier_items200_h1500\PPO_1,PPO_1,1525000,3,learner3,0.999008059501648
ppo_hier_items200_h1500\PPO_1,PPO_1,1540096,3,learner3,0.999002993106842
ppo_hier_items200_h1500\PPO_1,PPO_1,1550000,3,learner3,0.9992628693580627
ppo_hier_items200_h1500\PPO_1,PPO_1,1572864,3,learner3,0.9991592764854431
ppo_hier_items200_h1500\PPO_1,PPO_1,1575000,3,learner3,0.9996046423912048
ppo_hier_items200_h1500\PPO_1,PPO_1,1600000,3,learner3,0.9993042349815369
ppo_hier_items200_h1500\PPO_1,PPO_1,1605632,3,learner3,1.000516414642334
ppo_hier_items200_h1500\PPO_1,PPO_1,1625000,3,learner3,0.9991433024406433
ppo_hier_items200_h1500\PPO_1,PPO_1,1638400,3,learner3,3.009098768234253
ppo_hier_items200_h1500\PPO_1,PPO_1,1650000,3,learner3,0.9999987483024597
ppo_hier_items200_h1500\PPO_1,PPO_1,1671168,3,learner3,0.9994174838066101
ppo_hier_items200_h1500\PPO_1,PPO_1,1675000,3,learner3,0.9990476965904236
ppo_hier_items200_h1500\PPO_1,PPO_1,1700000,3,learner3,1.0005112886428833
ppo_hier_items200_h1500\PPO_1,PPO_1,1703936,3,learner3,1.0011898279190063
ppo_hier_items200_h1500\PPO_1,PPO_1,1725000,3,learner3,1.000501275062561
ppo_hier_items200_h1500\PPO_1,PPO_1,1736704,3,learner3,0.9995109438896179
ppo_hier_items200_h1500\PPO_1,PPO_1,1750000,3,learner3,3.009124279022217
ppo_hier_items200_h1500\PPO_1,PPO_1,1769472,3,learner3,0.999237596988678
ppo_hier_items200_h1500\PPO_1,PPO_1,1775000,3,learner3,1.0010172128677368
ppo_hier_items200_h1500\PPO_1,PPO_1,1800000,3,learner3,1.0010865926742554
ppo_hier_items200_h1500\PPO_1,PPO_1,1802240,3,learner3,3.0090603828430176
ppo_hier_items200_h1500\PPO_1,PPO_1,1825000,3,learner3,0.9991660714149475
ppo_hier_items200_h1500\PPO_1,PPO_1,1835008,3,learner3,0.9998502135276794
ppo_hier_items200_h1500\PPO_1,PPO_1,1850000,3,learner3,0.9993450045585632
ppo_hier_items200_h1500\PPO_1,PPO_1,1867776,3,learner3,3.0091075897216797
ppo_hier_items200_h1500\PPO_1,PPO_1,1875000,3,learner3,3.0090177059173584
ppo_hier_items200_h1500\PPO_1,PPO_1,1900000,3,learner3,0.9996293783187866
ppo_hier_items200_h1500\PPO_1,PPO_1,1900544,3,learner3,0.9990007281303406
ppo_hier_items200_h1500\PPO_1,PPO_1,1925000,3,learner3,0.9990419745445251
ppo_hier_items200_h1500\PPO_1,PPO_1,1933312,3,learner3,0.9992074370384216
ppo_hier_items200_h1500\PPO_1,PPO_1,1950000,3,learner3,3.0090491771698
ppo_hier_items200_h1500\PPO_1,PPO_1,1966080,3,learner3,1.000584363937378
ppo_hier_items200_h1500\PPO_1,PPO_1,1975000,3,learner3,1.0002158880233765
ppo_hier_items200_h1500\PPO_1,PPO_1,1998848,3,learner3,3.0091452598571777
ppo_hier_items200_h1500\PPO_1,PPO_1,2000000,3,learner3,3.009066343307495
ppo_hier_items200_h1500\PPO_1,PPO_1,2025000,3,learner3,1.0007632970809937
ppo_hier_items200_h1500\PPO_1,PPO_1,2031616,3,learner3,0.9990569949150085
ppo_hier_items200_h1500\PPO_1,PPO_1,25000,4,learner4,0.9990695118904114
ppo_hier_items200_h1500\PPO_1,PPO_1,32768,4,learner4,0.9995113015174866
ppo_hier_items200_h1500\PPO_1,PPO_1,50000,4,learner4,0.9991414546966553
ppo_hier_items200_h1500\PPO_1,PPO_1,65536,4,learner4,0.999276876449585
ppo_hier_items200_h1500\PPO_1,PPO_1,75000,4,learner4,0.999149739742279
ppo_hier_items200_h1500\PPO_1,PPO_1,98304,4,learner4,0.999010443687439
ppo_hier_items200_h1500\PPO_1,PPO_1,100000,4,learner4,0.9992785453796387
ppo_hier_items200_h1500\PPO_1,PPO_1,125000,4,learner4,0.9992934465408325
ppo_hier_items200_h1500\PPO_1,PPO_1,131072,4,learner4,3.0090456008911133
ppo_hier_items200_h1500\PPO_1,PPO_1,150000,4,learner4,0.9994142651557922
ppo_hier_items200_h1500\PPO_1,PPO_1,163840,4,learner4,0.9990271925926208
ppo_hier_items200_h1500\PPO_1,PPO_1,175000,4,learner4,0.9994896650314331
ppo_hier_items200_h1500\PPO_1,PPO_1,196608,4,learner4,0.9992688894271851
ppo_hier_items200_h1500\PPO_1,PPO_1,200000,4,learner4,0.9991746544837952
ppo_hier_items200_h1500\PPO_1,PPO_1,225000,4,learner4,0.999523937702179
ppo_hier_items200_h1500\PPO_1,PPO_1,229376,4,learner4,0.9990958571434021
ppo_hier_items200_h1500\PPO_1,PPO_1,250000,4,learner4,3.009070873260498
ppo_hier_items200_h1500\PPO_1,PPO_1,262144,4,learner4,0.9992060661315918
ppo_hier_items200_h1500\PPO_1,PPO_1,275000,4,learner4,0.9996482133865356
ppo_hier_items200_h1500\PPO_1,PPO_1,294912,4,learner4,0.9994840621948242
ppo_hier_items200_h1500\PPO_1,PPO_1,300000,4,learner4,0.9992119669914246
ppo_hier_items200_h1500\PPO_1,PPO_1,325000,4,learner4,0.9990704655647278
ppo_hier_items200_h1500\PPO_1,PPO_1,327680,4,learner4,0.9992548823356628
ppo_hier_items200_h1500\PPO_1,PPO_1,350000,4,learner4,0.9990999698638916
ppo_hier_items200_h1500\PPO_1,PPO_1,360448,4,learner4,0.9990318417549133
ppo_hier_items200_h1500\PPO_1,PPO_1,375000,4,learner4,0.9990396499633789
ppo_hier_items200_h1500\PPO_1,PPO_1,393216,4,learner4,3.009004592895508
ppo_hier_items200_h1500\PPO_1,PPO_1,400000,4,learner4,0.9991998672485352
ppo_hier_items200_h1500\PPO_1,PPO_1,425000,4,learner4,0.9993543028831482
ppo_hier_items200_h1500\PPO_1,PPO_1,425984,4,learner4,0.9993001818656921
ppo_hier_items200_h1500\PPO_1,PPO_1,450000,4,learner4,0.9994196891784668
ppo_hier_items200_h1500\PPO_1,PPO_1,458752,4,learner4,0.9991620779037476
ppo_hier_items200_h1500\PPO_1,PPO_1,475000,4,learner4,0.9995307922363281
ppo_hier_items200_h1500\PPO_1,PPO_1,491520,4,learner4,0.9993317723274231
ppo_hier_items200_h1500\PPO_1,PPO_1,500000,4,learner4,0.9991480112075806
ppo_hier_items200_h1500\PPO_1,PPO_1,524288,4,learner4,0.9990403652191162
ppo_hier_items200_h1500\PPO_1,PPO_1,525000,4,learner4,0.9996377825737
ppo_hier_items200_h1500\PPO_1,PPO_1,550000,4,learner4,0.999113142490387
ppo_hier_items200_h1500\PPO_1,PPO_1,557056,4,learner4,0.9990721344947815
ppo_hier_items200_h1500\PPO_1,PPO_1,575000,4,learner4,0.9997682571411133
ppo_hier_items200_h1500\PPO_1,PPO_1,589824,4,learner4,0.9991061687469482
ppo_hier_items200_h1500\PPO_1,PPO_1,600000,4,learner4,0.9998278617858887
ppo_hier_items200_h1500\PPO_1,PPO_1,622592,4,learner4,0.999050498008728
ppo_hier_items200_h1500\PPO_1,PPO_1,625000,4,learner4,0.9990687370300293
ppo_hier_items200_h1500\PPO_1,PPO_1,650000,4,learner4,0.999039351940155
ppo_hier_items200_h1500\PPO_1,PPO_1,655360,4,learner4,0.9995154142379761
ppo_hier_items200_h1500\PPO_1,PPO_1,675000,4,learner4,0.9992066621780396
ppo_hier_items200_h1500\PPO_1,PPO_1,688128,4,learner4,0.999241292476654
ppo_hier_items200_h1500\PPO_1,PPO_1,700000,4,learner4,0.9992759227752686
ppo_hier_items200_h1500\PPO_1,PPO_1,720896,4,learner4,0.9990243911743164
ppo_hier_items200_h1500\PPO_1,PPO_1,725000,4,learner4,0.9992917776107788
ppo_hier_items200_h1500\PPO_1,PPO_1,750000,4,learner4,0.999104917049408
ppo_hier_items200_h1500\PPO_1,PPO_1,753664,4,learner4,3.0090534687042236
ppo_hier_items200_h1500\PPO_1,PPO_1,775000,4,learner4,0.9994891285896301
ppo_hier_items200_h1500\PPO_1,PPO_1,786432,4,learner4,3.009005308151245
ppo_hier_items200_h1500\PPO_1,PPO_1,800000,4,learner4,3.0090606212615967
ppo_hier_items200_h1500\PPO_1,PPO_1,819200,4,learner4,0.9992242455482483
ppo_hier_items200_h1500\PPO_1,PPO_1,825000,4,learner4,0.999629557132721
ppo_hier_items200_h1500\PPO_1,PPO_1,850000,4,learner4,0.9991405606269836
ppo_hier_items200_h1500\PPO_1,PPO_1,851968,4,learner4,0.9992707371711731
ppo_hier_items200_h1500\PPO_1,PPO_1,875000,4,learner4,3.009059429168701
ppo_hier_items200_h1500\PPO_1,PPO_1,884736,4,learner4,0.9996116757392883
ppo_hier_items200_h1500\PPO_1,PPO_1,900000,4,learner4,0.999005913734436
ppo_hier_items200_h1500\PPO_1,PPO_1,917504,4,learner4,0.9994179606437683
ppo_hier_items200_h1500\PPO_1,PPO_1,925000,4,learner4,0.9990747570991516
ppo_hier_items200_h1500\PPO_1,PPO_1,950000,4,learner4,0.9991396069526672
ppo_hier_items200_h1500\PPO_1,PPO_1,950272,4,learner4,0.9991579055786133
ppo_hier_items200_h1500\PPO_1,PPO_1,975000,4,learner4,0.9991748929023743
ppo_hier_items200_h1500\PPO_1,PPO_1,983040,4,learner4,3.0090067386627197
ppo_hier_items200_h1500\PPO_1,PPO_1,1000000,4,learner4,3.0090084075927734
ppo_hier_items200_h1500\PPO_1,PPO_1,1015808,4,learner4,3.0091023445129395
ppo_hier_items200_h1500\PPO_1,PPO_1,1025000,4,learner4,0.9992913007736206
ppo_hier_items200_h1500\PPO_1,PPO_1,1048576,4,learner4,0.9992703199386597
ppo_hier_items200_h1500\PPO_1,PPO_1,1050000,4,learner4,0.9994251728057861
ppo_hier_items200_h1500\PPO_1,PPO_1,1075000,4,learner4,0.9994128942489624
ppo_hier_items200_h1500\PPO_1,PPO_1,1081344,4,learner4,0.9990308880805969
ppo_hier_items200_h1500\PPO_1,PPO_1,1100000,4,learner4,0.9990989565849304
ppo_hier_items200_h1500\PPO_1,PPO_1,1114112,4,learner4,3.0090432167053223
ppo_hier_items200_h1500\PPO_1,PPO_1,1125000,4,learner4,0.9996217489242554
ppo_hier_items200_h1500\PPO_1,PPO_1,1146880,4,learner4,0.9995210766792297
ppo_hier_items200_h1500\PPO_1,PPO_1,1150000,4,learner4,0.9994997978210449
ppo_hier_items200_h1500\PPO_1,PPO_1,1175000,4,learner4,0.9998340010643005
ppo_hier_items200_h1500\PPO_1,PPO_1,1179648,4,learner4,0.9992155432701111
ppo_hier_items200_h1500\PPO_1,PPO_1,1200000,4,learner4,0.9990062117576599
ppo_hier_items200_h1500\PPO_1,PPO_1,1212416,4,learner4,0.9990288019180298
ppo_hier_items200_h1500\PPO_1,PPO_1,1225000,4,learner4,0.9990576505661011
ppo_hier_items200_h1500\PPO_1,PPO_1,1245184,4,learner4,0.9996969699859619
ppo_hier_items200_h1500\PPO_1,PPO_1,1250000,4,learner4,3.0090062618255615
ppo_hier_items200_h1500\PPO_1,PPO_1,1275000,4,learner4,0.9992272853851318
ppo_hier_items200_h1500\PPO_1,PPO_1,1277952,4,learner4,0.9992985725402832
ppo_hier_items200_h1500\PPO_1,PPO_1,1300000,4,learner4,0.999281108379364
ppo_hier_items200_h1500\PPO_1,PPO_1,1310720,4,learner4,3.0090081691741943
ppo_hier_items200_h1500\PPO_1,PPO_1,1325000,4,learner4,0.9992499947547913
ppo_hier_items200_h1500\PPO_1,PPO_1,1343488,4,learner4,0.9990419745445251
ppo_hier_items200_h1500\PPO_1,PPO_1,1350000,4,learner4,0.999114990234375
ppo_hier_items200_h1500\PPO_1,PPO_1,1375000,4,learner4,0.9994128346443176
ppo_hier_items200_h1500\PPO_1,PPO_1,1376256,4,learner4,0.9990556836128235
ppo_hier_items200_h1500\PPO_1,PPO_1,1400000,4,learner4,0.9990332722663879
ppo_hier_items200_h1500\PPO_1,PPO_1,1409024,4,learner4,0.999296247959137
ppo_hier_items200_h1500\PPO_1,PPO_1,1425000,4,learner4,0.9995294809341431
ppo_hier_items200_h1500\PPO_1,PPO_1,1441792,4,learner4,0.999104917049408
ppo_hier_items200_h1500\PPO_1,PPO_1,1450000,4,learner4,0.9995898604393005
ppo_hier_items200_h1500\PPO_1,PPO_1,1474560,4,learner4,0.999016284942627
ppo_hier_items200_h1500\PPO_1,PPO_1,1475000,4,learner4,0.9997788667678833
ppo_hier_items200_h1500\PPO_1,PPO_1,1500000,4,learner4,0.9998289942741394
ppo_hier_items200_h1500\PPO_1,PPO_1,1507328,4,learner4,0.9991157650947571
ppo_hier_items200_h1500\PPO_1,PPO_1,1525000,4,learner4,3.009009599685669
ppo_hier_items200_h1500\PPO_1,PPO_1,1540096,4,learner4,0.999204695224762
ppo_hier_items200_h1500\PPO_1,PPO_1,1550000,4,learner4,0.9990261197090149
ppo_hier_items200_h1500\PPO_1,PPO_1,1572864,4,learner4,0.999051034450531
ppo_hier_items200_h1500\PPO_1,PPO_1,1575000,4,learner4,0.9991768002510071
ppo_hier_items200_h1500\PPO_1,PPO_1,1600000,4,learner4,0.9990582466125488
ppo_hier_items200_h1500\PPO_1,PPO_1,1605632,4,learner4,0.9995622038841248
ppo_hier_items200_h1500\PPO_1,PPO_1,1625000,4,learner4,0.9991295337677002
ppo_hier_items200_h1500\PPO_1,PPO_1,1638400,4,learner4,0.9993209838867188
ppo_hier_items200_h1500\PPO_1,PPO_1,1650000,4,learner4,0.9994196891784668
ppo_hier_items200_h1500\PPO_1,PPO_1,1671168,4,learner4,3.009036064147949
ppo_hier_items200_h1500\PPO_1,PPO_1,1675000,4,learner4,0.9990679025650024
ppo_hier_items200_h1500\PPO_1,PPO_1,1700000,4,learner4,0.9994717836380005
ppo_hier_items200_h1500\PPO_1,PPO_1,1703936,4,learner4,0.9990419745445251
ppo_hier_items200_h1500\PPO_1,PPO_1,1725000,4,learner4,0.9990164637565613
ppo_hier_items200_h1500\PPO_1,PPO_1,1736704,4,learner4,0.9991776347160339
ppo_hier_items200_h1500\PPO_1,PPO_1,1750000,4,learner4,0.999758243560791
ppo_hier_items200_h1500\PPO_1,PPO_1,1769472,4,learner4,0.9994155168533325
ppo_hier_items200_h1500\PPO_1,PPO_1,1775000,4,learner4,3.009056806564331
ppo_hier_items200_h1500\PPO_1,PPO_1,1800000,4,learner4,0.9999096989631653
ppo_hier_items200_h1500\PPO_1,PPO_1,1802240,4,learner4,0.9991120100021362
ppo_hier_items200_h1500\PPO_1,PPO_1,1825000,4,learner4,0.9990747570991516
ppo_hier_items200_h1500\PPO_1,PPO_1,1835008,4,learner4,0.9991155862808228
ppo_hier_items200_h1500\PPO_1,PPO_1,1850000,4,learner4,0.999151349067688
ppo_hier_items200_h1500\PPO_1,PPO_1,1867776,4,learner4,0.9993895888328552
ppo_hier_items200_h1500\PPO_1,PPO_1,1875000,4,learner4,0.9991767406463623
ppo_hier_items200_h1500\PPO_1,PPO_1,1900000,4,learner4,0.9991143941879272
ppo_hier_items200_h1500\PPO_1,PPO_1,1900544,4,learner4,0.9992683529853821
ppo_hier_items200_h1500\PPO_1,PPO_1,1925000,4,learner4,3.009005546569824
ppo_hier_items200_h1500\PPO_1,PPO_1,1933312,4,learner4,0.9990352988243103
ppo_hier_items200_h1500\PPO_1,PPO_1,1950000,4,learner4,0.9990960955619812
ppo_hier_items200_h1500\PPO_1,PPO_1,1966080,4,learner4,0.999595046043396
ppo_hier_items200_h1500\PPO_1,PPO_1,1975000,4,learner4,3.00901198387146
ppo_hier_items200_h1500\PPO_1,PPO_1,1998848,4,learner4,3.009012460708618
ppo_hier_items200_h1500\PPO_1,PPO_1,2000000,4,learner4,0.999566376209259
ppo_hier_items200_h1500\PPO_1,PPO_1,2025000,4,learner4,0.9990914463996887
ppo_hier_items200_h1500\PPO_1,PPO_1,2031616,4,learner4,0.9992746710777283
ppo_hier_items200_h1500\PPO_1,PPO_1,25000,5,learner5,0.9992143511772156
ppo_hier_items200_h1500\PPO_1,PPO_1,32768,5,learner5,0.9994720220565796
ppo_hier_items200_h1500\PPO_1,PPO_1,50000,5,learner5,0.9994319677352905
ppo_hier_items200_h1500\PPO_1,PPO_1,65536,5,learner5,1.0002034902572632
ppo_hier_items200_h1500\PPO_1,PPO_1,75000,5,learner5,0.9990382790565491
ppo_hier_items200_h1500\PPO_1,PPO_1,98304,5,learner5,0.9994503259658813
ppo_hier_items200_h1500\PPO_1,PPO_1,100000,5,learner5,0.9998667240142822
ppo_hier_items200_h1500\PPO_1,PPO_1,125000,5,learner5,0.9999449849128723
ppo_hier_items200_h1500\PPO_1,PPO_1,131072,5,learner5,3.0091934204101562
ppo_hier_items200_h1500\PPO_1,PPO_1,150000,5,learner5,3.009005308151245
ppo_hier_items200_h1500\PPO_1,PPO_1,163840,5,learner5,0.9991751909255981
ppo_hier_items200_h1500\PPO_1,PPO_1,175000,5,learner5,0.9991012811660767
ppo_hier_items200_h1500\PPO_1,PPO_1,196608,5,learner5,3.0091166496276855
ppo_hier_items200_h1500\PPO_1,PPO_1,200000,5,learner5,1.0004554986953735
ppo_hier_items200_h1500\PPO_1,PPO_1,225000,5,learner5,0.9991567134857178
ppo_hier_items200_h1500\PPO_1,PPO_1,229376,5,learner5,0.9992511868476868
ppo_hier_items200_h1500\PPO_1,PPO_1,250000,5,learner5,1.000863790512085
ppo_hier_items200_h1500\PPO_1,PPO_1,262144,5,learner5,0.9991728663444519
ppo_hier_items200_h1500\PPO_1,PPO_1,275000,5,learner5,1.0011588335037231
ppo_hier_items200_h1500\PPO_1,PPO_1,294912,5,learner5,0.9991761445999146
ppo_hier_items200_h1500\PPO_1,PPO_1,300000,5,learner5,1.0015442371368408
ppo_hier_items200_h1500\PPO_1,PPO_1,325000,5,learner5,0.999162495136261
ppo_hier_items200_h1500\PPO_1,PPO_1,327680,5,learner5,0.9996886253356934
ppo_hier_items200_h1500\PPO_1,PPO_1,350000,5,learner5,0.9993781447410583
ppo_hier_items200_h1500\PPO_1,PPO_1,360448,5,learner5,0.9990975856781006
ppo_hier_items200_h1500\PPO_1,PPO_1,375000,5,learner5,0.9995677471160889
ppo_hier_items200_h1500\PPO_1,PPO_1,393216,5,learner5,1.0007431507110596
ppo_hier_items200_h1500\PPO_1,PPO_1,400000,5,learner5,3.00907564163208
ppo_hier_items200_h1500\PPO_1,PPO_1,425000,5,learner5,1.000085473060608
ppo_hier_items200_h1500\PPO_1,PPO_1,425984,5,learner5,0.9999865293502808
ppo_hier_items200_h1500\PPO_1,PPO_1,450000,5,learner5,1.0001695156097412
ppo_hier_items200_h1500\PPO_1,PPO_1,458752,5,learner5,0.9992294907569885
ppo_hier_items200_h1500\PPO_1,PPO_1,475000,5,learner5,1.0001484155654907
ppo_hier_items200_h1500\PPO_1,PPO_1,491520,5,learner5,1.0010952949523926
ppo_hier_items200_h1500\PPO_1,PPO_1,500000,5,learner5,1.0005136728286743
ppo_hier_items200_h1500\PPO_1,PPO_1,524288,5,learner5,1.0003653764724731
ppo_hier_items200_h1500\PPO_1,PPO_1,525000,5,learner5,1.0006792545318604
ppo_hier_items200_h1500\PPO_1,PPO_1,550000,5,learner5,1.0008894205093384
ppo_hier_items200_h1500\PPO_1,PPO_1,557056,5,learner5,0.9991906881332397
ppo_hier_items200_h1500\PPO_1,PPO_1,575000,5,learner5,3.009014368057251
ppo_hier_items200_h1500\PPO_1,PPO_1,589824,5,learner5,0.9993971586227417
ppo_hier_items200_h1500\PPO_1,PPO_1,600000,5,learner5,3.0092415809631348
ppo_hier_items200_h1500\PPO_1,PPO_1,622592,5,learner5,3.0090835094451904
ppo_hier_items200_h1500\PPO_1,PPO_1,625000,5,learner5,0.9990606904029846
ppo_hier_items200_h1500\PPO_1,PPO_1,650000,5,learner5,0.9994337558746338
ppo_hier_items200_h1500\PPO_1,PPO_1,655360,5,learner5,1.0003753900527954
ppo_hier_items200_h1500\PPO_1,PPO_1,675000,5,learner5,0.9995585083961487
ppo_hier_items200_h1500\PPO_1,PPO_1,688128,5,learner5,0.999202311038971
ppo_hier_items200_h1500\PPO_1,PPO_1,700000,5,learner5,3.009103298187256
ppo_hier_items200_h1500\PPO_1,PPO_1,720896,5,learner5,0.9991636276245117
ppo_hier_items200_h1500\PPO_1,PPO_1,725000,5,learner5,1.000085473060608
ppo_hier_items200_h1500\PPO_1,PPO_1,750000,5,learner5,1.0001187324523926
ppo_hier_items200_h1500\PPO_1,PPO_1,753664,5,learner5,3.0090909004211426
ppo_hier_items200_h1500\PPO_1,PPO_1,775000,5,learner5,1.0003774166107178
ppo_hier_items200_h1500\PPO_1,PPO_1,786432,5,learner5,3.009197235107422
ppo_hier_items200_h1500\PPO_1,PPO_1,800000,5,learner5,0.999138593673706
ppo_hier_items200_h1500\PPO_1,PPO_1,819200,5,learner5,0.9995837807655334
ppo_hier_items200_h1500\PPO_1,PPO_1,825000,5,learner5,1.0007023811340332
ppo_hier_items200_h1500\PPO_1,PPO_1,850000,5,learner5,0.9998324513435364
ppo_hier_items200_h1500\PPO_1,PPO_1,851968,5,learner5,0.9991810321807861
ppo_hier_items200_h1500\PPO_1,PPO_1,875000,5,learner5,1.0013840198516846
ppo_hier_items200_h1500\PPO_1,PPO_1,884736,5,learner5,1.000438928604126
ppo_hier_items200_h1500\PPO_1,PPO_1,900000,5,learner5,3.0091044902801514
ppo_hier_items200_h1500\PPO_1,PPO_1,917504,5,learner5,3.0092201232910156
ppo_hier_items200_h1500\PPO_1,PPO_1,925000,5,learner5,0.99918133020401
ppo_hier_items200_h1500\PPO_1,PPO_1,950000,5,learner5,3.0090317726135254
ppo_hier_items200_h1500\PPO_1,PPO_1,950272,5,learner5,0.999116063117981
ppo_hier_items200_h1500\PPO_1,PPO_1,975000,5,learner5,0.9996355175971985
ppo_hier_items200_h1500\PPO_1,PPO_1,983040,5,learner5,1.0010885000228882
ppo_hier_items200_h1500\PPO_1,PPO_1,1000000,5,learner5,3.0090439319610596
ppo_hier_items200_h1500\PPO_1,PPO_1,1015808,5,learner5,1.000458836555481
ppo_hier_items200_h1500\PPO_1,PPO_1,1025000,5,learner5,0.9993550181388855
ppo_hier_items200_h1500\PPO_1,PPO_1,1048576,5,learner5,0.9998545050621033
ppo_hier_items200_h1500\PPO_1,PPO_1,1050000,5,learner5,0.9990770220756531
ppo_hier_items200_h1500\PPO_1,PPO_1,1075000,5,learner5,0.9991132020950317
ppo_hier_items200_h1500\PPO_1,PPO_1,1081344,5,learner5,0.9990820288658142
ppo_hier_items200_h1500\PPO_1,PPO_1,1100000,5,learner5,1.0007338523864746
ppo_hier_items200_h1500\PPO_1,PPO_1,1114112,5,learner5,3.0091300010681152
ppo_hier_items200_h1500\PPO_1,PPO_1,1125000,5,learner5,1.0006792545318604
ppo_hier_items200_h1500\PPO_1,PPO_1,1146880,5,learner5,-1.2498661279678345
ppo_hier_items200_h1500\PPO_1,PPO_1,1150000,5,learner5,0.9991094470024109
ppo_hier_items200_h1500\PPO_1,PPO_1,1175000,5,learner5,1.0011603832244873
ppo_hier_items200_h1500\PPO_1,PPO_1,1179648,5,learner5,0.9996005892753601
ppo_hier_items200_h1500\PPO_1,PPO_1,1200000,5,learner5,1.0012662410736084
ppo_hier_items200_h1500\PPO_1,PPO_1,1212416,5,learner5,0.9990906119346619
ppo_hier_items200_h1500\PPO_1,PPO_1,1225000,5,learner5,3.0090203285217285
ppo_hier_items200_h1500\PPO_1,PPO_1,1245184,5,learner5,0.9992662668228149
ppo_hier_items200_h1500\PPO_1,PPO_1,1250000,5,learner5,3.009005069732666
ppo_hier_items200_h1500\PPO_1,PPO_1,1275000,5,learner5,0.9995677471160889
ppo_hier_items200_h1500\PPO_1,PPO_1,1277952,5,learner5,0.9991810321807861
ppo_hier_items200_h1500\PPO_1,PPO_1,1300000,5,learner5,0.9991626143455505
ppo_hier_items200_h1500\PPO_1,PPO_1,1310720,5,learner5,0.999586820602417
ppo_hier_items200_h1500\PPO_1,PPO_1,1325000,5,learner5,0.999068021774292
ppo_hier_items200_h1500\PPO_1,PPO_1,1343488,5,learner5,0.999568521976471
ppo_hier_items200_h1500\PPO_1,PPO_1,1350000,5,learner5,3.0090136528015137
ppo_hier_items200_h1500\PPO_1,PPO_1,1375000,5,learner5,3.0091545581817627
ppo_hier_items200_h1500\PPO_1,PPO_1,1376256,5,learner5,1.000503420829773
ppo_hier_items200_h1500\PPO_1,PPO_1,1400000,5,learner5,3.0091867446899414
ppo_hier_items200_h1500\PPO_1,PPO_1,1409024,5,learner5,0.9999525547027588
ppo_hier_items200_h1500\PPO_1,PPO_1,1425000,5,learner5,1.0007699728012085
ppo_hier_items200_h1500\PPO_1,PPO_1,1441792,5,learner5,0.9993355870246887
ppo_hier_items200_h1500\PPO_1,PPO_1,1450000,5,learner5,0.9993575811386108
ppo_hier_items200_h1500\PPO_1,PPO_1,1474560,5,learner5,1.000736951828003
ppo_hier_items200_h1500\PPO_1,PPO_1,1475000,5,learner5,1.0008091926574707
ppo_hier_items200_h1500\PPO_1,PPO_1,1500000,5,learner5,0.9993011355400085
ppo_hier_items200_h1500\PPO_1,PPO_1,1507328,5,learner5,1.0005884170532227
ppo_hier_items200_h1500\PPO_1,PPO_1,1525000,5,learner5,0.999162495136261
ppo_hier_items200_h1500\PPO_1,PPO_1,1540096,5,learner5,0.9996756911277771
ppo_hier_items200_h1500\PPO_1,PPO_1,1550000,5,learner5,0.9991586208343506
ppo_hier_items200_h1500\PPO_1,PPO_1,1572864,5,learner5,0.9990465641021729
ppo_hier_items200_h1500\PPO_1,PPO_1,1575000,5,learner5,0.9992660880088806
ppo_hier_items200_h1500\PPO_1,PPO_1,1600000,5,learner5,0.9991905093193054
ppo_hier_items200_h1500\PPO_1,PPO_1,1605632,5,learner5,0.9993124008178711
ppo_hier_items200_h1500\PPO_1,PPO_1,1625000,5,learner5,0.9998219609260559
ppo_hier_items200_h1500\PPO_1,PPO_1,1638400,5,learner5,3.009019374847412
ppo_hier_items200_h1500\PPO_1,PPO_1,1650000,5,learner5,1.0001808404922485
ppo_hier_items200_h1500\PPO_1,PPO_1,1671168,5,learner5,0.9995214343070984
ppo_hier_items200_h1500\PPO_1,PPO_1,1675000,5,learner5,3.0090339183807373
ppo_hier_items200_h1500\PPO_1,PPO_1,1700000,5,learner5,0.9991956353187561
ppo_hier_items200_h1500\PPO_1,PPO_1,1703936,5,learner5,1.0009639263153076
ppo_hier_items200_h1500\PPO_1,PPO_1,1725000,5,learner5,1.0009502172470093
ppo_hier_items200_h1500\PPO_1,PPO_1,1736704,5,learner5,1.0007072687149048
ppo_hier_items200_h1500\PPO_1,PPO_1,1750000,5,learner5,1.0006438493728638
ppo_hier_items200_h1500\PPO_1,PPO_1,1769472,5,learner5,0.9999974370002747
ppo_hier_items200_h1500\PPO_1,PPO_1,1775000,5,learner5,1.0013840198516846
ppo_hier_items200_h1500\PPO_1,PPO_1,1800000,5,learner5,1.0015945434570312
ppo_hier_items200_h1500\PPO_1,PPO_1,1802240,5,learner5,0.9991773962974548
ppo_hier_items200_h1500\PPO_1,PPO_1,1825000,5,learner5,0.9992160797119141
ppo_hier_items200_h1500\PPO_1,PPO_1,1835008,5,learner5,1.0008118152618408
ppo_hier_items200_h1500\PPO_1,PPO_1,1850000,5,learner5,0.9993288516998291
ppo_hier_items200_h1500\PPO_1,PPO_1,1867776,5,learner5,0.9993035793304443
ppo_hier_items200_h1500\PPO_1,PPO_1,1875000,5,learner5,0.9992233514785767
ppo_hier_items200_h1500\PPO_1,PPO_1,1900000,5,learner5,3.009115695953369
ppo_hier_items200_h1500\PPO_1,PPO_1,1900544,5,learner5,3.0090177059173584
ppo_hier_items200_h1500\PPO_1,PPO_1,1925000,5,learner5,0.9990805983543396
ppo_hier_items200_h1500\PPO_1,PPO_1,1933312,5,learner5,3.0090177059173584
ppo_hier_items200_h1500\PPO_1,PPO_1,1950000,5,learner5,1.0001695156097412
ppo_hier_items200_h1500\PPO_1,PPO_1,1966080,5,learner5,1.0008786916732788
ppo_hier_items200_h1500\PPO_1,PPO_1,1975000,5,learner5,0.9992919564247131
ppo_hier_items200_h1500\PPO_1,PPO_1,1998848,5,learner5,1.0004879236221313
ppo_hier_items200_h1500\PPO_1,PPO_1,2000000,5,learner5,1.0005691051483154
ppo_hier_items200_h1500\PPO_1,PPO_1,2025000,5,learner5,1.0006792545318604
ppo_hier_items200_h1500\PPO_1,PPO_1,2031616,5,learner5,0.9990029335021973
ppo_hier_items200_h1500\PPO_1,PPO_1,25000,6,learner6,0.9990657567977905
ppo_hier_items200_h1500\PPO_1,PPO_1,32768,6,learner6,0.9994148015975952
ppo_hier_items200_h1500\PPO_1,PPO_1,50000,6,learner6,0.9991253614425659
ppo_hier_items200_h1500\PPO_1,PPO_1,65536,6,learner6,0.9993477463722229
ppo_hier_items200_h1500\PPO_1,PPO_1,75000,6,learner6,0.9990702271461487
ppo_hier_items200_h1500\PPO_1,PPO_1,98304,6,learner6,0.9990218877792358
ppo_hier_items200_h1500\PPO_1,PPO_1,100000,6,learner6,0.9991889595985413
ppo_hier_items200_h1500\PPO_1,PPO_1,125000,6,learner6,0.9990126490592957
ppo_hier_items200_h1500\PPO_1,PPO_1,131072,6,learner6,3.00905442237854
ppo_hier_items200_h1500\PPO_1,PPO_1,150000,6,learner6,0.9993501305580139
ppo_hier_items200_h1500\PPO_1,PPO_1,163840,6,learner6,0.9991604685783386
ppo_hier_items200_h1500\PPO_1,PPO_1,175000,6,learner6,0.9992117285728455
ppo_hier_items200_h1500\PPO_1,PPO_1,196608,6,learner6,0.9993103742599487
ppo_hier_items200_h1500\PPO_1,PPO_1,200000,6,learner6,0.9995375871658325
ppo_hier_items200_h1500\PPO_1,PPO_1,225000,6,learner6,0.9995648860931396
ppo_hier_items200_h1500\PPO_1,PPO_1,229376,6,learner6,0.9990218877792358
ppo_hier_items200_h1500\PPO_1,PPO_1,250000,6,learner6,0.9996725916862488
ppo_hier_items200_h1500\PPO_1,PPO_1,262144,6,learner6,0.9994798302650452
ppo_hier_items200_h1500\PPO_1,PPO_1,275000,6,learner6,0.9990074634552002
ppo_hier_items200_h1500\PPO_1,PPO_1,294912,6,learner6,3.0090219974517822
ppo_hier_items200_h1500\PPO_1,PPO_1,300000,6,learner6,0.9990264773368835
ppo_hier_items200_h1500\PPO_1,PPO_1,325000,6,learner6,0.9990609288215637
ppo_hier_items200_h1500\PPO_1,PPO_1,327680,6,learner6,0.9992146492004395
ppo_hier_items200_h1500\PPO_1,PPO_1,350000,6,learner6,0.9991342425346375
ppo_hier_items200_h1500\PPO_1,PPO_1,360448,6,learner6,0.999026894569397
ppo_hier_items200_h1500\PPO_1,PPO_1,375000,6,learner6,0.9991877675056458
ppo_hier_items200_h1500\PPO_1,PPO_1,393216,6,learner6,0.9995378255844116
ppo_hier_items200_h1500\PPO_1,PPO_1,400000,6,learner6,0.9991057515144348
ppo_hier_items200_h1500\PPO_1,PPO_1,425000,6,learner6,0.999291718006134
ppo_hier_items200_h1500\PPO_1,PPO_1,425984,6,learner6,3.009026050567627
ppo_hier_items200_h1500\PPO_1,PPO_1,450000,6,learner6,0.9990331530570984
ppo_hier_items200_h1500\PPO_1,PPO_1,458752,6,learner6,0.9991854429244995
ppo_hier_items200_h1500\PPO_1,PPO_1,475000,6,learner6,0.9994697570800781
ppo_hier_items200_h1500\PPO_1,PPO_1,491520,6,learner6,0.9997241497039795
ppo_hier_items200_h1500\PPO_1,PPO_1,500000,6,learner6,0.9994795322418213
ppo_hier_items200_h1500\PPO_1,PPO_1,524288,6,learner6,3.0090718269348145
ppo_hier_items200_h1500\PPO_1,PPO_1,525000,6,learner6,0.9996491074562073
ppo_hier_items200_h1500\PPO_1,PPO_1,550000,6,learner6,0.9995836019515991
ppo_hier_items200_h1500\PPO_1,PPO_1,557056,6,learner6,0.9992934465408325
ppo_hier_items200_h1500\PPO_1,PPO_1,575000,6,learner6,0.9996418952941895
ppo_hier_items200_h1500\PPO_1,PPO_1,589824,6,learner6,0.9991095066070557
ppo_hier_items200_h1500\PPO_1,PPO_1,600000,6,learner6,3.0090537071228027
ppo_hier_items200_h1500\PPO_1,PPO_1,622592,6,learner6,0.9991338849067688
ppo_hier_items200_h1500\PPO_1,PPO_1,625000,6,learner6,0.9990159273147583
ppo_hier_items200_h1500\PPO_1,PPO_1,650000,6,learner6,0.9990939497947693
ppo_hier_items200_h1500\PPO_1,PPO_1,655360,6,learner6,3.0090692043304443
ppo_hier_items200_h1500\PPO_1,PPO_1,675000,6,learner6,0.9990112781524658
ppo_hier_items200_h1500\PPO_1,PPO_1,688128,6,learner6,0.9992412328720093
ppo_hier_items200_h1500\PPO_1,PPO_1,700000,6,learner6,0.9990389347076416
ppo_hier_items200_h1500\PPO_1,PPO_1,720896,6,learner6,0.9990532994270325
ppo_hier_items200_h1500\PPO_1,PPO_1,725000,6,learner6,0.9992362856864929
ppo_hier_items200_h1500\PPO_1,PPO_1,750000,6,learner6,0.9994035363197327
ppo_hier_items200_h1500\PPO_1,PPO_1,753664,6,learner6,3.009068012237549
ppo_hier_items200_h1500\PPO_1,PPO_1,775000,6,learner6,0.9994708299636841
ppo_hier_items200_h1500\PPO_1,PPO_1,786432,6,learner6,0.9994035959243774
ppo_hier_items200_h1500\PPO_1,PPO_1,800000,6,learner6,0.9994668960571289
ppo_hier_items200_h1500\PPO_1,PPO_1,819200,6,learner6,0.9992013573646545
ppo_hier_items200_h1500\PPO_1,PPO_1,825000,6,learner6,0.9995394945144653
ppo_hier_items200_h1500\PPO_1,PPO_1,850000,6,learner6,0.9996277093887329
ppo_hier_items200_h1500\PPO_1,PPO_1,851968,6,learner6,0.9998048543930054
ppo_hier_items200_h1500\PPO_1,PPO_1,875000,6,learner6,0.9991956353187561
ppo_hier_items200_h1500\PPO_1,PPO_1,884736,6,learner6,0.9995092749595642
ppo_hier_items200_h1500\PPO_1,PPO_1,900000,6,learner6,0.9997537732124329
ppo_hier_items200_h1500\PPO_1,PPO_1,917504,6,learner6,0.9993706941604614
ppo_hier_items200_h1500\PPO_1,PPO_1,925000,6,learner6,0.9990580081939697
ppo_hier_items200_h1500\PPO_1,PPO_1,950000,6,learner6,0.9990928173065186
ppo_hier_items200_h1500\PPO_1,PPO_1,950272,6,learner6,3.0090012550354004
ppo_hier_items200_h1500\PPO_1,PPO_1,975000,6,learner6,3.0090160369873047
ppo_hier_items200_h1500\PPO_1,PPO_1,983040,6,learner6,0.9996621608734131
ppo_hier_items200_h1500\PPO_1,PPO_1,1000000,6,learner6,0.9992684125900269
ppo_hier_items200_h1500\PPO_1,PPO_1,1015808,6,learner6,0.9993686676025391
ppo_hier_items200_h1500\PPO_1,PPO_1,1025000,6,learner6,0.9993362426757812
ppo_hier_items200_h1500\PPO_1,PPO_1,1048576,6,learner6,0.9992635250091553
ppo_hier_items200_h1500\PPO_1,PPO_1,1050000,6,learner6,3.0090551376342773
ppo_hier_items200_h1500\PPO_1,PPO_1,1075000,6,learner6,0.999330461025238
ppo_hier_items200_h1500\PPO_1,PPO_1,1081344,6,learner6,0.999019980430603
ppo_hier_items200_h1500\PPO_1,PPO_1,1100000,6,learner6,3.0090041160583496
ppo_hier_items200_h1500\PPO_1,PPO_1,1114112,6,learner6,0.9995840191841125
ppo_hier_items200_h1500\PPO_1,PPO_1,1125000,6,learner6,0.9994250535964966
ppo_hier_items200_h1500\PPO_1,PPO_1,1146880,6,learner6,0.9994627833366394
ppo_hier_items200_h1500\PPO_1,PPO_1,1150000,6,learner6,0.9995984435081482
ppo_hier_items200_h1500\PPO_1,PPO_1,1175000,6,learner6,0.9991013407707214
ppo_hier_items200_h1500\PPO_1,PPO_1,1179648,6,learner6,0.9990726709365845
ppo_hier_items200_h1500\PPO_1,PPO_1,1200000,6,learner6,0.9997192025184631
ppo_hier_items200_h1500\PPO_1,PPO_1,1212416,6,learner6,0.9990193247795105
ppo_hier_items200_h1500\PPO_1,PPO_1,1225000,6,learner6,0.9990624189376831
ppo_hier_items200_h1500\PPO_1,PPO_1,1245184,6,learner6,0.9996623396873474
ppo_hier_items200_h1500\PPO_1,PPO_1,1250000,6,learner6,3.0090062618255615
ppo_hier_items200_h1500\PPO_1,PPO_1,1275000,6,learner6,0.9990193843841553
ppo_hier_items200_h1500\PPO_1,PPO_1,1277952,6,learner6,0.999281644821167
ppo_hier_items200_h1500\PPO_1,PPO_1,1300000,6,learner6,0.9990177750587463
ppo_hier_items200_h1500\PPO_1,PPO_1,1310720,6,learner6,0.9991827607154846
ppo_hier_items200_h1500\PPO_1,PPO_1,1325000,6,learner6,0.9991081357002258
ppo_hier_items200_h1500\PPO_1,PPO_1,1343488,6,learner6,0.9991177320480347
ppo_hier_items200_h1500\PPO_1,PPO_1,1350000,6,learner6,0.9993764162063599
ppo_hier_items200_h1500\PPO_1,PPO_1,1375000,6,learner6,0.9990509152412415
ppo_hier_items200_h1500\PPO_1,PPO_1,1376256,6,learner6,0.9995191693305969
ppo_hier_items200_h1500\PPO_1,PPO_1,1400000,6,learner6,0.9994668960571289
ppo_hier_items200_h1500\PPO_1,PPO_1,1409024,6,learner6,0.9993357062339783
ppo_hier_items200_h1500\PPO_1,PPO_1,1425000,6,learner6,0.9990174174308777
ppo_hier_items200_h1500\PPO_1,PPO_1,1441792,6,learner6,0.9990154504776001
ppo_hier_items200_h1500\PPO_1,PPO_1,1450000,6,learner6,0.9995771050453186
ppo_hier_items200_h1500\PPO_1,PPO_1,1474560,6,learner6,0.999710738658905
ppo_hier_items200_h1500\PPO_1,PPO_1,1475000,6,learner6,0.9996396899223328
ppo_hier_items200_h1500\PPO_1,PPO_1,1500000,6,learner6,0.9998652935028076
ppo_hier_items200_h1500\PPO_1,PPO_1,1507328,6,learner6,0.9994224309921265
ppo_hier_items200_h1500\PPO_1,PPO_1,1525000,6,learner6,0.9990573525428772
ppo_hier_items200_h1500\PPO_1,PPO_1,1540096,6,learner6,0.9992393851280212
ppo_hier_items200_h1500\PPO_1,PPO_1,1550000,6,learner6,0.9991326332092285
ppo_hier_items200_h1500\PPO_1,PPO_1,1572864,6,learner6,0.9990504384040833
ppo_hier_items200_h1500\PPO_1,PPO_1,1575000,6,learner6,0.9990373253822327
ppo_hier_items200_h1500\PPO_1,PPO_1,1600000,6,learner6,0.9992511868476868
ppo_hier_items200_h1500\PPO_1,PPO_1,1605632,6,learner6,0.9995778203010559
ppo_hier_items200_h1500\PPO_1,PPO_1,1625000,6,learner6,0.9993362426757812
ppo_hier_items200_h1500\PPO_1,PPO_1,1638400,6,learner6,0.999015212059021
ppo_hier_items200_h1500\PPO_1,PPO_1,1650000,6,learner6,0.9992835521697998
ppo_hier_items200_h1500\PPO_1,PPO_1,1671168,6,learner6,0.999210774898529
ppo_hier_items200_h1500\PPO_1,PPO_1,1675000,6,learner6,0.9994397759437561
ppo_hier_items200_h1500\PPO_1,PPO_1,1700000,6,learner6,0.9995021224021912
ppo_hier_items200_h1500\PPO_1,PPO_1,1703936,6,learner6,0.9995641708374023
ppo_hier_items200_h1500\PPO_1,PPO_1,1725000,6,learner6,0.9995241761207581
ppo_hier_items200_h1500\PPO_1,PPO_1,1736704,6,learner6,0.999153733253479
ppo_hier_items200_h1500\PPO_1,PPO_1,1750000,6,learner6,0.9994726777076721
ppo_hier_items200_h1500\PPO_1,PPO_1,1769472,6,learner6,0.9992585778236389
ppo_hier_items200_h1500\PPO_1,PPO_1,1775000,6,learner6,3.0090489387512207
ppo_hier_items200_h1500\PPO_1,PPO_1,1800000,6,learner6,0.99969881772995
ppo_hier_items200_h1500\PPO_1,PPO_1,1802240,6,learner6,3.0090160369873047
ppo_hier_items200_h1500\PPO_1,PPO_1,1825000,6,learner6,0.9990705251693726
ppo_hier_items200_h1500\PPO_1,PPO_1,1835008,6,learner6,0.9995195269584656
ppo_hier_items200_h1500\PPO_1,PPO_1,1850000,6,learner6,0.9990271329879761
ppo_hier_items200_h1500\PPO_1,PPO_1,1867776,6,learner6,0.9994533658027649
ppo_hier_items200_h1500\PPO_1,PPO_1,1875000,6,learner6,3.0090112686157227
ppo_hier_items200_h1500\PPO_1,PPO_1,1900000,6,learner6,0.9990454912185669
ppo_hier_items200_h1500\PPO_1,PPO_1,1900544,6,learner6,0.9992142915725708
ppo_hier_items200_h1500\PPO_1,PPO_1,1925000,6,learner6,3.009026288986206
ppo_hier_items200_h1500\PPO_1,PPO_1,1933312,6,learner6,0.9990193843841553
ppo_hier_items200_h1500\PPO_1,PPO_1,1950000,6,learner6,0.9990054965019226
ppo_hier_items200_h1500\PPO_1,PPO_1,1966080,6,learner6,0.9990286827087402
ppo_hier_items200_h1500\PPO_1,PPO_1,1975000,6,learner6,3.0090081691741943
ppo_hier_items200_h1500\PPO_1,PPO_1,1998848,6,learner6,0.9994944930076599
ppo_hier_items200_h1500\PPO_1,PPO_1,2000000,6,learner6,0.999576985836029
ppo_hier_items200_h1500\PPO_1,PPO_1,2025000,6,learner6,3.009033679962158
ppo_hier_items200_h1500\PPO_1,PPO_1,2031616,6,learner6,0.9990402460098267
ppo_hier_items200_h1500\PPO_1,PPO_1,25000,7,learner7,0.999215841293335
ppo_hier_items200_h1500\PPO_1,PPO_1,32768,7,learner7,1.0008240938186646
ppo_hier_items200_h1500\PPO_1,PPO_1,50000,7,learner7,0.999396026134491
ppo_hier_items200_h1500\PPO_1,PPO_1,65536,7,learner7,1.0000542402267456
ppo_hier_items200_h1500\PPO_1,PPO_1,75000,7,learner7,0.999570369720459
ppo_hier_items200_h1500\PPO_1,PPO_1,98304,7,learner7,0.9995009899139404
ppo_hier_items200_h1500\PPO_1,PPO_1,100000,7,learner7,0.9997994303703308
ppo_hier_items200_h1500\PPO_1,PPO_1,125000,7,learner7,1.0000841617584229
ppo_hier_items200_h1500\PPO_1,PPO_1,131072,7,learner7,1.0013983249664307
ppo_hier_items200_h1500\PPO_1,PPO_1,150000,7,learner7,1.000321865081787
ppo_hier_items200_h1500\PPO_1,PPO_1,163840,7,learner7,1.00070059299469
ppo_hier_items200_h1500\PPO_1,PPO_1,175000,7,learner7,1.0002713203430176
ppo_hier_items200_h1500\PPO_1,PPO_1,196608,7,learner7,0.9992285966873169
ppo_hier_items200_h1500\PPO_1,PPO_1,200000,7,learner7,1.0003509521484375
ppo_hier_items200_h1500\PPO_1,PPO_1,225000,7,learner7,1.0008357763290405
ppo_hier_items200_h1500\PPO_1,PPO_1,229376,7,learner7,0.9992492198944092
ppo_hier_items200_h1500\PPO_1,PPO_1,250000,7,learner7,0.9991939663887024
ppo_hier_items200_h1500\PPO_1,PPO_1,262144,7,learner7,0.9998106956481934
ppo_hier_items200_h1500\PPO_1,PPO_1,275000,7,learner7,1.0013810396194458
ppo_hier_items200_h1500\PPO_1,PPO_1,294912,7,learner7,1.0004981756210327
ppo_hier_items200_h1500\PPO_1,PPO_1,300000,7,learner7,0.9991618394851685
ppo_hier_items200_h1500\PPO_1,PPO_1,325000,7,learner7,0.9991807341575623
ppo_hier_items200_h1500\PPO_1,PPO_1,327680,7,learner7,0.9990555047988892
ppo_hier_items200_h1500\PPO_1,PPO_1,350000,7,learner7,0.9990072846412659
ppo_hier_items200_h1500\PPO_1,PPO_1,360448,7,learner7,0.999097466468811
ppo_hier_items200_h1500\PPO_1,PPO_1,375000,7,learner7,0.9995993971824646
ppo_hier_items200_h1500\PPO_1,PPO_1,393216,7,learner7,1.000915288925171
ppo_hier_items200_h1500\PPO_1,PPO_1,400000,7,learner7,0.9992266297340393
ppo_hier_items200_h1500\PPO_1,PPO_1,425000,7,learner7,0.9992592930793762
ppo_hier_items200_h1500\PPO_1,PPO_1,425984,7,learner7,0.9990015029907227
ppo_hier_items200_h1500\PPO_1,PPO_1,450000,7,learner7,1.0003007650375366
ppo_hier_items200_h1500\PPO_1,PPO_1,458752,7,learner7,0.9995497465133667
ppo_hier_items200_h1500\PPO_1,PPO_1,475000,7,learner7,1.0002713203430176
ppo_hier_items200_h1500\PPO_1,PPO_1,491520,7,learner7,1.0000299215316772
ppo_hier_items200_h1500\PPO_1,PPO_1,500000,7,learner7,1.0005205869674683
ppo_hier_items200_h1500\PPO_1,PPO_1,524288,7,learner7,1.0006568431854248
ppo_hier_items200_h1500\PPO_1,PPO_1,525000,7,learner7,3.0093178749084473
ppo_hier_items200_h1500\PPO_1,PPO_1,550000,7,learner7,1.0010391473770142
ppo_hier_items200_h1500\PPO_1,PPO_1,557056,7,learner7,1.0001140832901
ppo_hier_items200_h1500\PPO_1,PPO_1,575000,7,learner7,1.0009942054748535
ppo_hier_items200_h1500\PPO_1,PPO_1,589824,7,learner7,0.9993805885314941
ppo_hier_items200_h1500\PPO_1,PPO_1,600000,7,learner7,1.0012781620025635
ppo_hier_items200_h1500\PPO_1,PPO_1,622592,7,learner7,1.0007925033569336
ppo_hier_items200_h1500\PPO_1,PPO_1,625000,7,learner7,0.9991892576217651
ppo_hier_items200_h1500\PPO_1,PPO_1,650000,7,learner7,0.9994332194328308
ppo_hier_items200_h1500\PPO_1,PPO_1,655360,7,learner7,3.0090274810791016
ppo_hier_items200_h1500\PPO_1,PPO_1,675000,7,learner7,0.9996503591537476
ppo_hier_items200_h1500\PPO_1,PPO_1,688128,7,learner7,0.9998968839645386
ppo_hier_items200_h1500\PPO_1,PPO_1,700000,7,learner7,3.009030818939209
ppo_hier_items200_h1500\PPO_1,PPO_1,720896,7,learner7,0.9991678595542908
ppo_hier_items200_h1500\PPO_1,PPO_1,725000,7,learner7,0.9999992847442627
ppo_hier_items200_h1500\PPO_1,PPO_1,750000,7,learner7,1.0001379251480103
ppo_hier_items200_h1500\PPO_1,PPO_1,753664,7,learner7,3.009063959121704
ppo_hier_items200_h1500\PPO_1,PPO_1,775000,7,learner7,0.9994255900382996
ppo_hier_items200_h1500\PPO_1,PPO_1,786432,7,learner7,0.9991589188575745
ppo_hier_items200_h1500\PPO_1,PPO_1,800000,7,learner7,0.9992989897727966
ppo_hier_items200_h1500\PPO_1,PPO_1,819200,7,learner7,0.9996548295021057
ppo_hier_items200_h1500\PPO_1,PPO_1,825000,7,learner7,1.0009478330612183
ppo_hier_items200_h1500\PPO_1,PPO_1,850000,7,learner7,1.0011653900146484
ppo_hier_items200_h1500\PPO_1,PPO_1,851968,7,learner7,1.0012736320495605
ppo_hier_items200_h1500\PPO_1,PPO_1,875000,7,learner7,1.0010859966278076
ppo_hier_items200_h1500\PPO_1,PPO_1,884736,7,learner7,1.000658631324768
ppo_hier_items200_h1500\PPO_1,PPO_1,900000,7,learner7,1.0000940561294556
ppo_hier_items200_h1500\PPO_1,PPO_1,917504,7,learner7,0.9999316930770874
ppo_hier_items200_h1500\PPO_1,PPO_1,925000,7,learner7,0.9992192983627319
ppo_hier_items200_h1500\PPO_1,PPO_1,950000,7,learner7,0.9994078278541565
ppo_hier_items200_h1500\PPO_1,PPO_1,950272,7,learner7,0.9991037249565125
ppo_hier_items200_h1500\PPO_1,PPO_1,975000,7,learner7,0.9995993971824646
ppo_hier_items200_h1500\PPO_1,PPO_1,983040,7,learner7,1.0010043382644653
ppo_hier_items200_h1500\PPO_1,PPO_1,1000000,7,learner7,0.9998321533203125
ppo_hier_items200_h1500\PPO_1,PPO_1,1015808,7,learner7,1.0004841089248657
ppo_hier_items200_h1500\PPO_1,PPO_1,1025000,7,learner7,0.9998450875282288
ppo_hier_items200_h1500\PPO_1,PPO_1,1048576,7,learner7,0.9998717904090881
ppo_hier_items200_h1500\PPO_1,PPO_1,1050000,7,learner7,1.000223159790039
ppo_hier_items200_h1500\PPO_1,PPO_1,1075000,7,learner7,0.9995743036270142
ppo_hier_items200_h1500\PPO_1,PPO_1,1081344,7,learner7,0.9990959763526917
ppo_hier_items200_h1500\PPO_1,PPO_1,1100000,7,learner7,0.9990208148956299
ppo_hier_items200_h1500\PPO_1,PPO_1,1114112,7,learner7,1.000833511352539
ppo_hier_items200_h1500\PPO_1,PPO_1,1125000,7,learner7,1.000633716583252
ppo_hier_items200_h1500\PPO_1,PPO_1,1146880,7,learner7,3.009016990661621
ppo_hier_items200_h1500\PPO_1,PPO_1,1150000,7,learner7,0.9998373985290527
ppo_hier_items200_h1500\PPO_1,PPO_1,1175000,7,learner7,0.9990592002868652
ppo_hier_items200_h1500\PPO_1,PPO_1,1179648,7,learner7,0.999792754650116
ppo_hier_items200_h1500\PPO_1,PPO_1,1200000,7,learner7,1.0015965700149536
ppo_hier_items200_h1500\PPO_1,PPO_1,1212416,7,learner7,0.9990902543067932
ppo_hier_items200_h1500\PPO_1,PPO_1,1225000,7,learner7,0.999007523059845
ppo_hier_items200_h1500\PPO_1,PPO_1,1245184,7,learner7,1.0005522966384888
ppo_hier_items200_h1500\PPO_1,PPO_1,1250000,7,learner7,0.9994062185287476
ppo_hier_items200_h1500\PPO_1,PPO_1,1275000,7,learner7,0.9995418787002563
ppo_hier_items200_h1500\PPO_1,PPO_1,1277952,7,learner7,1.000311255455017
ppo_hier_items200_h1500\PPO_1,PPO_1,1300000,7,learner7,0.9997236728668213
ppo_hier_items200_h1500\PPO_1,PPO_1,1310720,7,learner7,0.9990453124046326
ppo_hier_items200_h1500\PPO_1,PPO_1,1325000,7,learner7,1.0000841617584229
ppo_hier_items200_h1500\PPO_1,PPO_1,1343488,7,learner7,1.0009435415267944
ppo_hier_items200_h1500\PPO_1,PPO_1,1350000,7,learner7,1.000197410583496
ppo_hier_items200_h1500\PPO_1,PPO_1,1375000,7,learner7,0.9993647336959839
ppo_hier_items200_h1500\PPO_1,PPO_1,1376256,7,learner7,1.0006860494613647
ppo_hier_items200_h1500\PPO_1,PPO_1,1400000,7,learner7,0.9995472431182861
ppo_hier_items200_h1500\PPO_1,PPO_1,1409024,7,learner7,0.999912679195404
ppo_hier_items200_h1500\PPO_1,PPO_1,1425000,7,learner7,1.0005226135253906
ppo_hier_items200_h1500\PPO_1,PPO_1,1441792,7,learner7,0.9993028044700623
ppo_hier_items200_h1500\PPO_1,PPO_1,1450000,7,learner7,1.0008132457733154
ppo_hier_items200_h1500\PPO_1,PPO_1,1474560,7,learner7,3.009233236312866
ppo_hier_items200_h1500\PPO_1,PPO_1,1475000,7,learner7,0.999330997467041
ppo_hier_items200_h1500\PPO_1,PPO_1,1500000,7,learner7,3.009106159210205
ppo_hier_items200_h1500\PPO_1,PPO_1,1507328,7,learner7,1.0006155967712402
ppo_hier_items200_h1500\PPO_1,PPO_1,1525000,7,learner7,0.9992015361785889
ppo_hier_items200_h1500\PPO_1,PPO_1,1540096,7,learner7,0.9996947050094604
ppo_hier_items200_h1500\PPO_1,PPO_1,1550000,7,learner7,0.9993992447853088
ppo_hier_items200_h1500\PPO_1,PPO_1,1572864,7,learner7,0.9990745186805725
ppo_hier_items200_h1500\PPO_1,PPO_1,1575000,7,learner7,0.9991422295570374
ppo_hier_items200_h1500\PPO_1,PPO_1,1600000,7,learner7,0.9997962117195129
ppo_hier_items200_h1500\PPO_1,PPO_1,1605632,7,learner7,1.0008254051208496
ppo_hier_items200_h1500\PPO_1,PPO_1,1625000,7,learner7,1.0000401735305786
ppo_hier_items200_h1500\PPO_1,PPO_1,1638400,7,learner7,1.0003890991210938
ppo_hier_items200_h1500\PPO_1,PPO_1,1650000,7,learner7,1.000014305114746
ppo_hier_items200_h1500\PPO_1,PPO_1,1671168,7,learner7,0.9996330142021179
ppo_hier_items200_h1500\PPO_1,PPO_1,1675000,7,learner7,1.0002713203430176
ppo_hier_items200_h1500\PPO_1,PPO_1,1700000,7,learner7,1.0007597208023071
ppo_hier_items200_h1500\PPO_1,PPO_1,1703936,7,learner7,1.001479983329773
ppo_hier_items200_h1500\PPO_1,PPO_1,1725000,7,learner7,1.0007102489471436
ppo_hier_items200_h1500\PPO_1,PPO_1,1736704,7,learner7,1.0004712343215942
ppo_hier_items200_h1500\PPO_1,PPO_1,1750000,7,learner7,1.000691294670105
ppo_hier_items200_h1500\PPO_1,PPO_1,1769472,7,learner7,1.0001846551895142
ppo_hier_items200_h1500\PPO_1,PPO_1,1775000,7,learner7,3.0090928077697754
ppo_hier_items200_h1500\PPO_1,PPO_1,1800000,7,learner7,1.0013937950134277
ppo_hier_items200_h1500\PPO_1,PPO_1,1802240,7,learner7,0.9994949698448181
ppo_hier_items200_h1500\PPO_1,PPO_1,1825000,7,learner7,0.999036431312561
ppo_hier_items200_h1500\PPO_1,PPO_1,1835008,7,learner7,1.0014230012893677
ppo_hier_items200_h1500\PPO_1,PPO_1,1850000,7,learner7,0.9994062185287476
ppo_hier_items200_h1500\PPO_1,PPO_1,1867776,7,learner7,3.009030818939209
ppo_hier_items200_h1500\PPO_1,PPO_1,1875000,7,learner7,0.9995993971824646
ppo_hier_items200_h1500\PPO_1,PPO_1,1900000,7,learner7,0.9998133778572083
ppo_hier_items200_h1500\PPO_1,PPO_1,1900544,7,learner7,1.000001311302185
ppo_hier_items200_h1500\PPO_1,PPO_1,1925000,7,learner7,1.0000824928283691
ppo_hier_items200_h1500\PPO_1,PPO_1,1933312,7,learner7,0.9992836713790894
ppo_hier_items200_h1500\PPO_1,PPO_1,1950000,7,learner7,0.9991694092750549
ppo_hier_items200_h1500\PPO_1,PPO_1,1966080,7,learner7,1.0007047653198242
ppo_hier_items200_h1500\PPO_1,PPO_1,1975000,7,learner7,1.0002669095993042
ppo_hier_items200_h1500\PPO_1,PPO_1,1998848,7,learner7,0.9994258284568787
ppo_hier_items200_h1500\PPO_1,PPO_1,2000000,7,learner7,0.9994104504585266
ppo_hier_items200_h1500\PPO_1,PPO_1,2025000,7,learner7,1.0006322860717773
ppo_hier_items200_h1500\PPO_1,PPO_1,2031616,7,learner7,0.9997522234916687
