run,run_id,step,learner_idx,learner_name,rolling_acc
ppo_hier_items200_h1500\PPO_1,PPO_1,25000,0,learner0,1.0
ppo_hier_items200_h1500\PPO_1,PPO_1,32768,0,learner0,1.0
ppo_hier_items200_h1500\PPO_1,PPO_1,50000,0,learner0,1.0
ppo_hier_items200_h1500\PPO_1,PPO_1,65536,0,learner0,1.0
ppo_hier_items200_h1500\PPO_1,PPO_1,75000,0,learner0,1.0
ppo_hier_items200_h1500\PPO_1,PPO_1,98304,0,learner0,1.0
ppo_hier_items200_h1500\PPO_1,PPO_1,100000,0,learner0,1.0
ppo_hier_items200_h1500\PPO_1,PPO_1,125000,0,learner0,1.0
ppo_hier_items200_h1500\PPO_1,PPO_1,131072,0,learner0,1.0
ppo_hier_items200_h1500\PPO_1,PPO_1,150000,0,learner0,1.0
ppo_hier_items200_h1500\PPO_1,PPO_1,163840,0,learner0,1.0
ppo_hier_items200_h1500\PPO_1,PPO_1,175000,0,learner0,1.0
ppo_hier_items200_h1500\PPO_1,PPO_1,196608,0,learner0,1.0
ppo_hier_items200_h1500\PPO_1,PPO_1,200000,0,learner0,1.0
ppo_hier_items200_h1500\PPO_1,PPO_1,225000,0,learner0,1.0
ppo_hier_items200_h1500\PPO_1,PPO_1,229376,0,learner0,1.0
ppo_hier_items200_h1500\PPO_1,PPO_1,250000,0,learner0,1.0
ppo_hier_items200_h1500\PPO_1,PPO_1,262144,0,learner0,1.0
ppo_hier_items200_h1500\PPO_1,PPO_1,275000,0,learner0,1.0
ppo_hier_items200_h1500\PPO_1,PPO_1,294912,0,learner0,1.0
ppo_hier_items200_h1500\PPO_1,PPO_1,300000,0,learner0,1.0
ppo_hier_items200_h1500\PPO_1,PPO_1,325000,0,learner0,1.0
ppo_hier_items200_h1500\PPO_1,PPO_1,327680,0,learner0,1.0
ppo_hier_items200_h1500\PPO_1,PPO_1,350000,0,learner0,1.0
ppo_hier_items200_h1500\PPO_1,PPO_1,360448,0,learner0,1.0
ppo_hier_items200_h1500\PPO_1,PPO_1,375000,0,learner0,1.0
ppo_hier_items200_h1500\PPO_1,PPO_1,393216,0,learner0,1.0
ppo_hier_items200_h1500\PPO_1,PPO_1,400000,0,learner0,1.0
ppo_hier_items200_h1500\PPO_1,PPO_1,425000,0,learner0,1.0
ppo_hier_items200_h1500\PPO_1,PPO_1,425984,0,learner0,1.0
ppo_hier_items200_h1500\PPO_1,PPO_1,450000,0,learner0,1.0
ppo_hier_items200_h1500\PPO_1,PPO_1,458752,0,learner0,1.0
ppo_hier_items200_h1500\PPO_1,PPO_1,475000,0,learner0,1.0
ppo_hier_items200_h1500\PPO_1,PPO_1,491520,0,learner0,1.0
ppo_hier_items200_h1500\PPO_1,PPO_1,500000,0,learner0,1.0
ppo_hier_items200_h1500\PPO_1,PPO_1,524288,0,learner0,1.0
ppo_hier_items200_h1500\PPO_1,PPO_1,525000,0,learner0,1.0
ppo_hier_items200_h1500\PPO_1,PPO_1,550000,0,learner0,1.0
ppo_hier_items200_h1500\PPO_1,PPO_1,557056,0,learner0,1.0
ppo_hier_items200_h1500\PPO_1,PPO_1,575000,0,learner0,1.0
ppo_hier_items200_h1500\PPO_1,PPO_1,589824,0,learner0,1.0
ppo_hier_items200_h1500\PPO_1,PPO_1,600000,0,learner0,1.0
ppo_hier_items200_h1500\PPO_1,PPO_1,622592,0,learner0,1.0
ppo_hier_items200_h1500\PPO_1,PPO_1,625000,0,learner0,1.0
ppo_hier_items200_h1500\PPO_1,PPO_1,650000,0,learner0,1.0
ppo_hier_items200_h1500\PPO_1,PPO_1,655360,0,learner0,1.0
ppo_hier_items200_h1500\PPO_1,PPO_1,675000,0,learner0,1.0
ppo_hier_items200_h1500\PPO_1,PPO_1,688128,0,learner0,1.0
ppo_hier_items200_h1500\PPO_1,PPO_1,700000,0,learner0,1.0
ppo_hier_items200_h1500\PPO_1,PPO_1,720896,0,learner0,1.0
ppo_hier_items200_h1500\PPO_1,PPO_1,725000,0,learner0,1.0
ppo_hier_items200_h1500\PPO_1,PPO_1,750000,0,learner0,1.0
ppo_hier_items200_h1500\PPO_1,PPO_1,753664,0,learner0,1.0
ppo_hier_items200_h1500\PPO_1,PPO_1,775000,0,learner0,1.0
ppo_hier_items200_h1500\PPO_1,PPO_1,786432,0,learner0,1.0
ppo_hier_items200_h1500\PPO_1,PPO_1,800000,0,learner0,1.0
ppo_hier_items200_h1500\PPO_1,PPO_1,819200,0,learner0,1.0
ppo_hier_items200_h1500\PPO_1,PPO_1,825000,0,learner0,1.0
ppo_hier_items200_h1500\PPO_1,PPO_1,850000,0,learner0,1.0
ppo_hier_items200_h1500\PPO_1,PPO_1,851968,0,learner0,1.0
ppo_hier_items200_h1500\PPO_1,PPO_1,875000,0,learner0,1.0
ppo_hier_items200_h1500\PPO_1,PPO_1,884736,0,learner0,1.0
ppo_hier_items200_h1500\PPO_1,PPO_1,900000,0,learner0,1.0
ppo_hier_items200_h1500\PPO_1,PPO_1,917504,0,learner0,1.0
ppo_hier_items200_h1500\PPO_1,PPO_1,925000,0,learner0,1.0
ppo_hier_items200_h1500\PPO_1,PPO_1,950000,0,learner0,1.0
ppo_hier_items200_h1500\PPO_1,PPO_1,950272,0,learner0,1.0
ppo_hier_items200_h1500\PPO_1,PPO_1,975000,0,learner0,1.0
ppo_hier_items200_h1500\PPO_1,PPO_1,983040,0,learner0,1.0
ppo_hier_items200_h1500\PPO_1,PPO_1,1000000,0,learner0,1.0
ppo_hier_items200_h1500\PPO_1,PPO_1,1015808,0,learner0,1.0
ppo_hier_items200_h1500\PPO_1,PPO_1,1025000,0,learner0,1.0
ppo_hier_items200_h1500\PPO_1,PPO_1,1048576,0,learner0,1.0
ppo_hier_items200_h1500\PPO_1,PPO_1,1050000,0,learner0,1.0
ppo_hier_items200_h1500\PPO_1,PPO_1,1075000,0,learner0,1.0
ppo_hier_items200_h1500\PPO_1,PPO_1,1081344,0,learner0,1.0
ppo_hier_items200_h1500\PPO_1,PPO_1,1100000,0,learner0,1.0
ppo_hier_items200_h1500\PPO_1,PPO_1,1114112,0,learner0,1.0
ppo_hier_items200_h1500\PPO_1,PPO_1,1125000,0,learner0,1.0
ppo_hier_items200_h1500\PPO_1,PPO_1,1146880,0,learner0,1.0
ppo_hier_items200_h1500\PPO_1,PPO_1,1150000,0,learner0,1.0
ppo_hier_items200_h1500\PPO_1,PPO_1,1175000,0,learner0,1.0
ppo_hier_items200_h1500\PPO_1,PPO_1,1179648,0,learner0,1.0
ppo_hier_items200_h1500\PPO_1,PPO_1,1200000,0,learner0,1.0
ppo_hier_items200_h1500\PPO_1,PPO_1,1212416,0,learner0,1.0
ppo_hier_items200_h1500\PPO_1,PPO_1,1225000,0,learner0,1.0
ppo_hier_items200_h1500\PPO_1,PPO_1,1245184,0,learner0,1.0
ppo_hier_items200_h1500\PPO_1,PPO_1,1250000,0,learner0,1.0
ppo_hier_items200_h1500\PPO_1,PPO_1,1275000,0,learner0,1.0
ppo_hier_items200_h1500\PPO_1,PPO_1,1277952,0,learner0,1.0
ppo_hier_items200_h1500\PPO_1,PPO_1,1300000,0,learner0,1.0
ppo_hier_items200_h1500\PPO_1,PPO_1,1310720,0,learner0,1.0
ppo_hier_items200_h1500\PPO_1,PPO_1,1325000,0,learner0,1.0
ppo_hier_items200_h1500\PPO_1,PPO_1,1343488,0,learner0,1.0
ppo_hier_items200_h1500\PPO_1,PPO_1,1350000,0,learner0,1.0
ppo_hier_items200_h1500\PPO_1,PPO_1,1375000,0,learner0,1.0
ppo_hier_items200_h1500\PPO_1,PPO_1,1376256,0,learner0,1.0
ppo_hier_items200_h1500\PPO_1,PPO_1,1400000,0,learner0,1.0
ppo_hier_items200_h1500\PPO_1,PPO_1,1409024,0,learner0,1.0
ppo_hier_items200_h1500\PPO_1,PPO_1,1425000,0,learner0,1.0
ppo_hier_items200_h1500\PPO_1,PPO_1,1441792,0,learner0,1.0
ppo_hier_items200_h1500\PPO_1,PPO_1,1450000,0,learner0,1.0
ppo_hier_items200_h1500\PPO_1,PPO_1,1474560,0,learner0,1.0
ppo_hier_items200_h1500\PPO_1,PPO_1,1475000,0,learner0,1.0
ppo_hier_items200_h1500\PPO_1,PPO_1,1500000,0,learner0,1.0
ppo_hier_items200_h1500\PPO_1,PPO_1,1507328,0,learner0,1.0
ppo_hier_items200_h1500\PPO_1,PPO_1,1525000,0,learner0,1.0
ppo_hier_items200_h1500\PPO_1,PPO_1,1540096,0,learner0,1.0
ppo_hier_items200_h1500\PPO_1,PPO_1,1550000,0,learner0,1.0
ppo_hier_items200_h1500\PPO_1,PPO_1,1572864,0,learner0,1.0
ppo_hier_items200_h1500\PPO_1,PPO_1,1575000,0,learner0,1.0
ppo_hier_items200_h1500\PPO_1,PPO_1,1600000,0,learner0,1.0
ppo_hier_items200_h1500\PPO_1,PPO_1,1605632,0,learner0,1.0
ppo_hier_items200_h1500\PPO_1,PPO_1,1625000,0,learner0,1.0
ppo_hier_items200_h1500\PPO_1,PPO_1,1638400,0,learner0,1.0
ppo_hier_items200_h1500\PPO_1,PPO_1,1650000,0,learner0,1.0
ppo_hier_items200_h1500\PPO_1,PPO_1,1671168,0,learner0,1.0
ppo_hier_items200_h1500\PPO_1,PPO_1,1675000,0,learner0,1.0
ppo_hier_items200_h1500\PPO_1,PPO_1,1700000,0,learner0,1.0
ppo_hier_items200_h1500\PPO_1,PPO_1,1703936,0,learner0,1.0
ppo_hier_items200_h1500\PPO_1,PPO_1,1725000,0,learner0,1.0
ppo_hier_items200_h1500\PPO_1,PPO_1,1736704,0,learner0,1.0
ppo_hier_items200_h1500\PPO_1,PPO_1,1750000,0,learner0,0.9666666388511658
ppo_hier_items200_h1500\PPO_1,PPO_1,1769472,0,learner0,1.0
ppo_hier_items200_h1500\PPO_1,PPO_1,1775000,0,learner0,1.0
ppo_hier_items200_h1500\PPO_1,PPO_1,1800000,0,learner0,1.0
ppo_hier_items200_h1500\PPO_1,PPO_1,1802240,0,learner0,1.0
ppo_hier_items200_h1500\PPO_1,PPO_1,1825000,0,learner0,1.0
ppo_hier_items200_h1500\PPO_1,PPO_1,1835008,0,learner0,1.0
ppo_hier_items200_h1500\PPO_1,PPO_1,1850000,0,learner0,1.0
ppo_hier_items200_h1500\PPO_1,PPO_1,1867776,0,learner0,1.0
ppo_hier_items200_h1500\PPO_1,PPO_1,1875000,0,learner0,1.0
ppo_hier_items200_h1500\PPO_1,PPO_1,1900000,0,learner0,1.0
ppo_hier_items200_h1500\PPO_1,PPO_1,1900544,0,learner0,1.0
ppo_hier_items200_h1500\PPO_1,PPO_1,1925000,0,learner0,1.0
ppo_hier_items200_h1500\PPO_1,PPO_1,1933312,0,learner0,1.0
ppo_hier_items200_h1500\PPO_1,PPO_1,1950000,0,learner0,1.0
ppo_hier_items200_h1500\PPO_1,PPO_1,1966080,0,learner0,1.0
ppo_hier_items200_h1500\PPO_1,PPO_1,1975000,0,learner0,1.0
ppo_hier_items200_h1500\PPO_1,PPO_1,1998848,0,learner0,0.9666666388511658
ppo_hier_items200_h1500\PPO_1,PPO_1,2000000,0,learner0,1.0
ppo_hier_items200_h1500\PPO_1,PPO_1,2025000,0,learner0,0.9666666388511658
ppo_hier_items200_h1500\PPO_1,PPO_1,2031616,0,learner0,1.0
ppo_hier_items200_h1500\PPO_1,PPO_1,25000,1,learner1,1.0
ppo_hier_items200_h1500\PPO_1,PPO_1,32768,1,learner1,0.9333333373069763
ppo_hier_items200_h1500\PPO_1,PPO_1,50000,1,learner1,1.0
ppo_hier_items200_h1500\PPO_1,PPO_1,65536,1,learner1,1.0
ppo_hier_items200_h1500\PPO_1,PPO_1,75000,1,learner1,1.0
ppo_hier_items200_h1500\PPO_1,PPO_1,98304,1,learner1,1.0
ppo_hier_items200_h1500\PPO_1,PPO_1,100000,1,learner1,1.0
ppo_hier_items200_h1500\PPO_1,PPO_1,125000,1,learner1,1.0
ppo_hier_items200_h1500\PPO_1,PPO_1,131072,1,learner1,1.0
ppo_hier_items200_h1500\PPO_1,PPO_1,150000,1,learner1,1.0
ppo_hier_items200_h1500\PPO_1,PPO_1,163840,1,learner1,1.0
ppo_hier_items200_h1500\PPO_1,PPO_1,175000,1,learner1,1.0
ppo_hier_items200_h1500\PPO_1,PPO_1,196608,1,learner1,1.0
ppo_hier_items200_h1500\PPO_1,PPO_1,200000,1,learner1,1.0
ppo_hier_items200_h1500\PPO_1,PPO_1,225000,1,learner1,1.0
ppo_hier_items200_h1500\PPO_1,PPO_1,229376,1,learner1,1.0
ppo_hier_items200_h1500\PPO_1,PPO_1,250000,1,learner1,1.0
ppo_hier_items200_h1500\PPO_1,PPO_1,262144,1,learner1,1.0
ppo_hier_items200_h1500\PPO_1,PPO_1,275000,1,learner1,1.0
ppo_hier_items200_h1500\PPO_1,PPO_1,294912,1,learner1,1.0
ppo_hier_items200_h1500\PPO_1,PPO_1,300000,1,learner1,0.9333333373069763
ppo_hier_items200_h1500\PPO_1,PPO_1,325000,1,learner1,1.0
ppo_hier_items200_h1500\PPO_1,PPO_1,327680,1,learner1,1.0
ppo_hier_items200_h1500\PPO_1,PPO_1,350000,1,learner1,1.0
ppo_hier_items200_h1500\PPO_1,PPO_1,360448,1,learner1,1.0
ppo_hier_items200_h1500\PPO_1,PPO_1,375000,1,learner1,1.0
ppo_hier_items200_h1500\PPO_1,PPO_1,393216,1,learner1,0.9666666388511658
ppo_hier_items200_h1500\PPO_1,PPO_1,400000,1,learner1,1.0
ppo_hier_items200_h1500\PPO_1,PPO_1,425000,1,learner1,1.0
ppo_hier_items200_h1500\PPO_1,PPO_1,425984,1,learner1,1.0
ppo_hier_items200_h1500\PPO_1,PPO_1,450000,1,learner1,1.0
ppo_hier_items200_h1500\PPO_1,PPO_1,458752,1,learner1,1.0
ppo_hier_items200_h1500\PPO_1,PPO_1,475000,1,learner1,1.0
ppo_hier_items200_h1500\PPO_1,PPO_1,491520,1,learner1,1.0
ppo_hier_items200_h1500\PPO_1,PPO_1,500000,1,learner1,1.0
ppo_hier_items200_h1500\PPO_1,PPO_1,524288,1,learner1,1.0
ppo_hier_items200_h1500\PPO_1,PPO_1,525000,1,learner1,1.0
ppo_hier_items200_h1500\PPO_1,PPO_1,550000,1,learner1,1.0
ppo_hier_items200_h1500\PPO_1,PPO_1,557056,1,learner1,1.0
ppo_hier_items200_h1500\PPO_1,PPO_1,575000,1,learner1,0.9666666388511658
ppo_hier_items200_h1500\PPO_1,PPO_1,589824,1,learner1,1.0
ppo_hier_items200_h1500\PPO_1,PPO_1,600000,1,learner1,1.0
ppo_hier_items200_h1500\PPO_1,PPO_1,622592,1,learner1,1.0
ppo_hier_items200_h1500\PPO_1,PPO_1,625000,1,learner1,1.0
ppo_hier_items200_h1500\PPO_1,PPO_1,650000,1,learner1,1.0
ppo_hier_items200_h1500\PPO_1,PPO_1,655360,1,learner1,1.0
ppo_hier_items200_h1500\PPO_1,PPO_1,675000,1,learner1,1.0
ppo_hier_items200_h1500\PPO_1,PPO_1,688128,1,learner1,1.0
ppo_hier_items200_h1500\PPO_1,PPO_1,700000,1,learner1,1.0
ppo_hier_items200_h1500\PPO_1,PPO_1,720896,1,learner1,1.0
ppo_hier_items200_h1500\PPO_1,PPO_1,725000,1,learner1,1.0
ppo_hier_items200_h1500\PPO_1,PPO_1,750000,1,learner1,1.0
ppo_hier_items200_h1500\PPO_1,PPO_1,753664,1,learner1,1.0
ppo_hier_items200_h1500\PPO_1,PPO_1,775000,1,learner1,1.0
ppo_hier_items200_h1500\PPO_1,PPO_1,786432,1,learner1,1.0
ppo_hier_items200_h1500\PPO_1,PPO_1,800000,1,learner1,1.0
ppo_hier_items200_h1500\PPO_1,PPO_1,819200,1,learner1,1.0
ppo_hier_items200_h1500\PPO_1,PPO_1,825000,1,learner1,1.0
ppo_hier_items200_h1500\PPO_1,PPO_1,850000,1,learner1,1.0
ppo_hier_items200_h1500\PPO_1,PPO_1,851968,1,learner1,1.0
ppo_hier_items200_h1500\PPO_1,PPO_1,875000,1,learner1,1.0
ppo_hier_items200_h1500\PPO_1,PPO_1,884736,1,learner1,1.0
ppo_hier_items200_h1500\PPO_1,PPO_1,900000,1,learner1,1.0
ppo_hier_items200_h1500\PPO_1,PPO_1,917504,1,learner1,1.0
ppo_hier_items200_h1500\PPO_1,PPO_1,925000,1,learner1,1.0
ppo_hier_items200_h1500\PPO_1,PPO_1,950000,1,learner1,1.0
ppo_hier_items200_h1500\PPO_1,PPO_1,950272,1,learner1,1.0
ppo_hier_items200_h1500\PPO_1,PPO_1,975000,1,learner1,1.0
ppo_hier_items200_h1500\PPO_1,PPO_1,983040,1,learner1,1.0
ppo_hier_items200_h1500\PPO_1,PPO_1,1000000,1,learner1,1.0
ppo_hier_items200_h1500\PPO_1,PPO_1,1015808,1,learner1,1.0
ppo_hier_items200_h1500\PPO_1,PPO_1,1025000,1,learner1,1.0
ppo_hier_items200_h1500\PPO_1,PPO_1,1048576,1,learner1,1.0
ppo_hier_items200_h1500\PPO_1,PPO_1,1050000,1,learner1,1.0
ppo_hier_items200_h1500\PPO_1,PPO_1,1075000,1,learner1,1.0
ppo_hier_items200_h1500\PPO_1,PPO_1,1081344,1,learner1,1.0
ppo_hier_items200_h1500\PPO_1,PPO_1,1100000,1,learner1,1.0
ppo_hier_items200_h1500\PPO_1,PPO_1,1114112,1,learner1,1.0
ppo_hier_items200_h1500\PPO_1,PPO_1,1125000,1,learner1,0.9666666388511658
ppo_hier_items200_h1500\PPO_1,PPO_1,1146880,1,learner1,1.0
ppo_hier_items200_h1500\PPO_1,PPO_1,1150000,1,learner1,0.9666666388511658
ppo_hier_items200_h1500\PPO_1,PPO_1,1175000,1,learner1,1.0
ppo_hier_items200_h1500\PPO_1,PPO_1,1179648,1,learner1,1.0
ppo_hier_items200_h1500\PPO_1,PPO_1,1200000,1,learner1,1.0
ppo_hier_items200_h1500\PPO_1,PPO_1,1212416,1,learner1,1.0
ppo_hier_items200_h1500\PPO_1,PPO_1,1225000,1,learner1,1.0
ppo_hier_items200_h1500\PPO_1,PPO_1,1245184,1,learner1,1.0
ppo_hier_items200_h1500\PPO_1,PPO_1,1250000,1,learner1,1.0
ppo_hier_items200_h1500\PPO_1,PPO_1,1275000,1,learner1,1.0
ppo_hier_items200_h1500\PPO_1,PPO_1,1277952,1,learner1,1.0
ppo_hier_items200_h1500\PPO_1,PPO_1,1300000,1,learner1,1.0
ppo_hier_items200_h1500\PPO_1,PPO_1,1310720,1,learner1,1.0
ppo_hier_items200_h1500\PPO_1,PPO_1,1325000,1,learner1,1.0
ppo_hier_items200_h1500\PPO_1,PPO_1,1343488,1,learner1,0.9666666388511658
ppo_hier_items200_h1500\PPO_1,PPO_1,1350000,1,learner1,1.0
ppo_hier_items200_h1500\PPO_1,PPO_1,1375000,1,learner1,1.0
ppo_hier_items200_h1500\PPO_1,PPO_1,1376256,1,learner1,1.0
ppo_hier_items200_h1500\PPO_1,PPO_1,1400000,1,learner1,1.0
ppo_hier_items200_h1500\PPO_1,PPO_1,1409024,1,learner1,1.0
ppo_hier_items200_h1500\PPO_1,PPO_1,1425000,1,learner1,1.0
ppo_hier_items200_h1500\PPO_1,PPO_1,1441792,1,learner1,1.0
ppo_hier_items200_h1500\PPO_1,PPO_1,1450000,1,learner1,1.0
ppo_hier_items200_h1500\PPO_1,PPO_1,1474560,1,learner1,0.9666666388511658
ppo_hier_items200_h1500\PPO_1,PPO_1,1475000,1,learner1,1.0
ppo_hier_items200_h1500\PPO_1,PPO_1,1500000,1,learner1,1.0
ppo_hier_items200_h1500\PPO_1,PPO_1,1507328,1,learner1,1.0
ppo_hier_items200_h1500\PPO_1,PPO_1,1525000,1,learner1,1.0
ppo_hier_items200_h1500\PPO_1,PPO_1,1540096,1,learner1,1.0
ppo_hier_items200_h1500\PPO_1,PPO_1,1550000,1,learner1,1.0
ppo_hier_items200_h1500\PPO_1,PPO_1,1572864,1,learner1,1.0
ppo_hier_items200_h1500\PPO_1,PPO_1,1575000,1,learner1,1.0
ppo_hier_items200_h1500\PPO_1,PPO_1,1600000,1,learner1,1.0
ppo_hier_items200_h1500\PPO_1,PPO_1,1605632,1,learner1,0.9666666388511658
ppo_hier_items200_h1500\PPO_1,PPO_1,1625000,1,learner1,1.0
ppo_hier_items200_h1500\PPO_1,PPO_1,1638400,1,learner1,1.0
ppo_hier_items200_h1500\PPO_1,PPO_1,1650000,1,learner1,1.0
ppo_hier_items200_h1500\PPO_1,PPO_1,1671168,1,learner1,1.0
ppo_hier_items200_h1500\PPO_1,PPO_1,1675000,1,learner1,1.0
ppo_hier_items200_h1500\PPO_1,PPO_1,1700000,1,learner1,1.0
ppo_hier_items200_h1500\PPO_1,PPO_1,1703936,1,learner1,1.0
ppo_hier_items200_h1500\PPO_1,PPO_1,1725000,1,learner1,1.0
ppo_hier_items200_h1500\PPO_1,PPO_1,1736704,1,learner1,1.0
ppo_hier_items200_h1500\PPO_1,PPO_1,1750000,1,learner1,1.0
ppo_hier_items200_h1500\PPO_1,PPO_1,1769472,1,learner1,1.0
ppo_hier_items200_h1500\PPO_1,PPO_1,1775000,1,learner1,1.0
ppo_hier_items200_h1500\PPO_1,PPO_1,1800000,1,learner1,1.0
ppo_hier_items200_h1500\PPO_1,PPO_1,1802240,1,learner1,1.0
ppo_hier_items200_h1500\PPO_1,PPO_1,1825000,1,learner1,1.0
ppo_hier_items200_h1500\PPO_1,PPO_1,1835008,1,learner1,1.0
ppo_hier_items200_h1500\PPO_1,PPO_1,1850000,1,learner1,1.0
ppo_hier_items200_h1500\PPO_1,PPO_1,1867776,1,learner1,1.0
ppo_hier_items200_h1500\PPO_1,PPO_1,1875000,1,learner1,1.0
ppo_hier_items200_h1500\PPO_1,PPO_1,1900000,1,learner1,1.0
ppo_hier_items200_h1500\PPO_1,PPO_1,1900544,1,learner1,1.0
ppo_hier_items200_h1500\PPO_1,PPO_1,1925000,1,learner1,1.0
ppo_hier_items200_h1500\PPO_1,PPO_1,1933312,1,learner1,1.0
ppo_hier_items200_h1500\PPO_1,PPO_1,1950000,1,learner1,1.0
ppo_hier_items200_h1500\PPO_1,PPO_1,1966080,1,learner1,1.0
ppo_hier_items200_h1500\PPO_1,PPO_1,1975000,1,learner1,1.0
ppo_hier_items200_h1500\PPO_1,PPO_1,1998848,1,learner1,1.0
ppo_hier_items200_h1500\PPO_1,PPO_1,2000000,1,learner1,0.9666666388511658
ppo_hier_items200_h1500\PPO_1,PPO_1,2025000,1,learner1,1.0
ppo_hier_items200_h1500\PPO_1,PPO_1,2031616,1,learner1,1.0
ppo_hier_items200_h1500\PPO_1,PPO_1,25000,2,learner2,1.0
ppo_hier_items200_h1500\PPO_1,PPO_1,32768,2,learner2,1.0
ppo_hier_items200_h1500\PPO_1,PPO_1,50000,2,learner2,1.0
ppo_hier_items200_h1500\PPO_1,PPO_1,65536,2,learner2,1.0
ppo_hier_items200_h1500\PPO_1,PPO_1,75000,2,learner2,1.0
ppo_hier_items200_h1500\PPO_1,PPO_1,98304,2,learner2,1.0
ppo_hier_items200_h1500\PPO_1,PPO_1,100000,2,learner2,1.0
ppo_hier_items200_h1500\PPO_1,PPO_1,125000,2,learner2,1.0
ppo_hier_items200_h1500\PPO_1,PPO_1,131072,2,learner2,1.0
ppo_hier_items200_h1500\PPO_1,PPO_1,150000,2,learner2,1.0
ppo_hier_items200_h1500\PPO_1,PPO_1,163840,2,learner2,1.0
ppo_hier_items200_h1500\PPO_1,PPO_1,175000,2,learner2,1.0
ppo_hier_items200_h1500\PPO_1,PPO_1,196608,2,learner2,1.0
ppo_hier_items200_h1500\PPO_1,PPO_1,200000,2,learner2,1.0
ppo_hier_items200_h1500\PPO_1,PPO_1,225000,2,learner2,1.0
ppo_hier_items200_h1500\PPO_1,PPO_1,229376,2,learner2,1.0
ppo_hier_items200_h1500\PPO_1,PPO_1,250000,2,learner2,1.0
ppo_hier_items200_h1500\PPO_1,PPO_1,262144,2,learner2,1.0
ppo_hier_items200_h1500\PPO_1,PPO_1,275000,2,learner2,1.0
ppo_hier_items200_h1500\PPO_1,PPO_1,294912,2,learner2,1.0
ppo_hier_items200_h1500\PPO_1,PPO_1,300000,2,learner2,1.0
ppo_hier_items200_h1500\PPO_1,PPO_1,325000,2,learner2,1.0
ppo_hier_items200_h1500\PPO_1,PPO_1,327680,2,learner2,1.0
ppo_hier_items200_h1500\PPO_1,PPO_1,350000,2,learner2,1.0
ppo_hier_items200_h1500\PPO_1,PPO_1,360448,2,learner2,1.0
ppo_hier_items200_h1500\PPO_1,PPO_1,375000,2,learner2,1.0
ppo_hier_items200_h1500\PPO_1,PPO_1,393216,2,learner2,1.0
ppo_hier_items200_h1500\PPO_1,PPO_1,400000,2,learner2,1.0
ppo_hier_items200_h1500\PPO_1,PPO_1,425000,2,learner2,1.0
ppo_hier_items200_h1500\PPO_1,PPO_1,425984,2,learner2,1.0
ppo_hier_items200_h1500\PPO_1,PPO_1,450000,2,learner2,1.0
ppo_hier_items200_h1500\PPO_1,PPO_1,458752,2,learner2,1.0
ppo_hier_items200_h1500\PPO_1,PPO_1,475000,2,learner2,1.0
ppo_hier_items200_h1500\PPO_1,PPO_1,491520,2,learner2,1.0
ppo_hier_items200_h1500\PPO_1,PPO_1,500000,2,learner2,1.0
ppo_hier_items200_h1500\PPO_1,PPO_1,524288,2,learner2,1.0
ppo_hier_items200_h1500\PPO_1,PPO_1,525000,2,learner2,1.0
ppo_hier_items200_h1500\PPO_1,PPO_1,550000,2,learner2,1.0
ppo_hier_items200_h1500\PPO_1,PPO_1,557056,2,learner2,1.0
ppo_hier_items200_h1500\PPO_1,PPO_1,575000,2,learner2,1.0
ppo_hier_items200_h1500\PPO_1,PPO_1,589824,2,learner2,1.0
ppo_hier_items200_h1500\PPO_1,PPO_1,600000,2,learner2,1.0
ppo_hier_items200_h1500\PPO_1,PPO_1,622592,2,learner2,1.0
ppo_hier_items200_h1500\PPO_1,PPO_1,625000,2,learner2,1.0
ppo_hier_items200_h1500\PPO_1,PPO_1,650000,2,learner2,1.0
ppo_hier_items200_h1500\PPO_1,PPO_1,655360,2,learner2,1.0
ppo_hier_items200_h1500\PPO_1,PPO_1,675000,2,learner2,1.0
ppo_hier_items200_h1500\PPO_1,PPO_1,688128,2,learner2,1.0
ppo_hier_items200_h1500\PPO_1,PPO_1,700000,2,learner2,1.0
ppo_hier_items200_h1500\PPO_1,PPO_1,720896,2,learner2,1.0
ppo_hier_items200_h1500\PPO_1,PPO_1,725000,2,learner2,1.0
ppo_hier_items200_h1500\PPO_1,PPO_1,750000,2,learner2,1.0
ppo_hier_items200_h1500\PPO_1,PPO_1,753664,2,learner2,1.0
ppo_hier_items200_h1500\PPO_1,PPO_1,775000,2,learner2,1.0
ppo_hier_items200_h1500\PPO_1,PPO_1,786432,2,learner2,1.0
ppo_hier_items200_h1500\PPO_1,PPO_1,800000,2,learner2,1.0
ppo_hier_items200_h1500\PPO_1,PPO_1,819200,2,learner2,1.0
ppo_hier_items200_h1500\PPO_1,PPO_1,825000,2,learner2,1.0
ppo_hier_items200_h1500\PPO_1,PPO_1,850000,2,learner2,1.0
ppo_hier_items200_h1500\PPO_1,PPO_1,851968,2,learner2,1.0
ppo_hier_items200_h1500\PPO_1,PPO_1,875000,2,learner2,1.0
ppo_hier_items200_h1500\PPO_1,PPO_1,884736,2,learner2,1.0
ppo_hier_items200_h1500\PPO_1,PPO_1,900000,2,learner2,1.0
ppo_hier_items200_h1500\PPO_1,PPO_1,917504,2,learner2,1.0
ppo_hier_items200_h1500\PPO_1,PPO_1,925000,2,learner2,1.0
ppo_hier_items200_h1500\PPO_1,PPO_1,950000,2,learner2,1.0
ppo_hier_items200_h1500\PPO_1,PPO_1,950272,2,learner2,1.0
ppo_hier_items200_h1500\PPO_1,PPO_1,975000,2,learner2,0.9666666388511658
ppo_hier_items200_h1500\PPO_1,PPO_1,983040,2,learner2,1.0
ppo_hier_items200_h1500\PPO_1,PPO_1,1000000,2,learner2,1.0
ppo_hier_items200_h1500\PPO_1,PPO_1,1015808,2,learner2,1.0
ppo_hier_items200_h1500\PPO_1,PPO_1,1025000,2,learner2,1.0
ppo_hier_items200_h1500\PPO_1,PPO_1,1048576,2,learner2,1.0
ppo_hier_items200_h1500\PPO_1,PPO_1,1050000,2,learner2,1.0
ppo_hier_items200_h1500\PPO_1,PPO_1,1075000,2,learner2,1.0
ppo_hier_items200_h1500\PPO_1,PPO_1,1081344,2,learner2,1.0
ppo_hier_items200_h1500\PPO_1,PPO_1,1100000,2,learner2,1.0
ppo_hier_items200_h1500\PPO_1,PPO_1,1114112,2,learner2,1.0
ppo_hier_items200_h1500\PPO_1,PPO_1,1125000,2,learner2,1.0
ppo_hier_items200_h1500\PPO_1,PPO_1,1146880,2,learner2,1.0
ppo_hier_items200_h1500\PPO_1,PPO_1,1150000,2,learner2,1.0
ppo_hier_items200_h1500\PPO_1,PPO_1,1175000,2,learner2,1.0
ppo_hier_items200_h1500\PPO_1,PPO_1,1179648,2,learner2,1.0
ppo_hier_items200_h1500\PPO_1,PPO_1,1200000,2,learner2,1.0
ppo_hier_items200_h1500\PPO_1,PPO_1,1212416,2,learner2,1.0
ppo_hier_items200_h1500\PPO_1,PPO_1,1225000,2,learner2,1.0
ppo_hier_items200_h1500\PPO_1,PPO_1,1245184,2,learner2,1.0
ppo_hier_items200_h1500\PPO_1,PPO_1,1250000,2,learner2,1.0
ppo_hier_items200_h1500\PPO_1,PPO_1,1275000,2,learner2,1.0
ppo_hier_items200_h1500\PPO_1,PPO_1,1277952,2,learner2,1.0
ppo_hier_items200_h1500\PPO_1,PPO_1,1300000,2,learner2,1.0
ppo_hier_items200_h1500\PPO_1,PPO_1,1310720,2,learner2,1.0
ppo_hier_items200_h1500\PPO_1,PPO_1,1325000,2,learner2,1.0
ppo_hier_items200_h1500\PPO_1,PPO_1,1343488,2,learner2,1.0
ppo_hier_items200_h1500\PPO_1,PPO_1,1350000,2,learner2,0.9666666388511658
ppo_hier_items200_h1500\PPO_1,PPO_1,1375000,2,learner2,1.0
ppo_hier_items200_h1500\PPO_1,PPO_1,1376256,2,learner2,1.0
ppo_hier_items200_h1500\PPO_1,PPO_1,1400000,2,learner2,1.0
ppo_hier_items200_h1500\PPO_1,PPO_1,1409024,2,learner2,1.0
ppo_hier_items200_h1500\PPO_1,PPO_1,1425000,2,learner2,1.0
ppo_hier_items200_h1500\PPO_1,PPO_1,1441792,2,learner2,1.0
ppo_hier_items200_h1500\PPO_1,PPO_1,1450000,2,learner2,0.9666666388511658
ppo_hier_items200_h1500\PPO_1,PPO_1,1474560,2,learner2,1.0
ppo_hier_items200_h1500\PPO_1,PPO_1,1475000,2,learner2,1.0
ppo_hier_items200_h1500\PPO_1,PPO_1,1500000,2,learner2,1.0
ppo_hier_items200_h1500\PPO_1,PPO_1,1507328,2,learner2,1.0
ppo_hier_items200_h1500\PPO_1,PPO_1,1525000,2,learner2,1.0
ppo_hier_items200_h1500\PPO_1,PPO_1,1540096,2,learner2,1.0
ppo_hier_items200_h1500\PPO_1,PPO_1,1550000,2,learner2,1.0
ppo_hier_items200_h1500\PPO_1,PPO_1,1572864,2,learner2,1.0
ppo_hier_items200_h1500\PPO_1,PPO_1,1575000,2,learner2,1.0
ppo_hier_items200_h1500\PPO_1,PPO_1,1600000,2,learner2,1.0
ppo_hier_items200_h1500\PPO_1,PPO_1,1605632,2,learner2,1.0
ppo_hier_items200_h1500\PPO_1,PPO_1,1625000,2,learner2,1.0
ppo_hier_items200_h1500\PPO_1,PPO_1,1638400,2,learner2,1.0
ppo_hier_items200_h1500\PPO_1,PPO_1,1650000,2,learner2,1.0
ppo_hier_items200_h1500\PPO_1,PPO_1,1671168,2,learner2,1.0
ppo_hier_items200_h1500\PPO_1,PPO_1,1675000,2,learner2,1.0
ppo_hier_items200_h1500\PPO_1,PPO_1,1700000,2,learner2,1.0
ppo_hier_items200_h1500\PPO_1,PPO_1,1703936,2,learner2,1.0
ppo_hier_items200_h1500\PPO_1,PPO_1,1725000,2,learner2,1.0
ppo_hier_items200_h1500\PPO_1,PPO_1,1736704,2,learner2,1.0
ppo_hier_items200_h1500\PPO_1,PPO_1,1750000,2,learner2,1.0
ppo_hier_items200_h1500\PPO_1,PPO_1,1769472,2,learner2,1.0
ppo_hier_items200_h1500\PPO_1,PPO_1,1775000,2,learner2,1.0
ppo_hier_items200_h1500\PPO_1,PPO_1,1800000,2,learner2,1.0
ppo_hier_items200_h1500\PPO_1,PPO_1,1802240,2,learner2,1.0
ppo_hier_items200_h1500\PPO_1,PPO_1,1825000,2,learner2,1.0
ppo_hier_items200_h1500\PPO_1,PPO_1,1835008,2,learner2,1.0
ppo_hier_items200_h1500\PPO_1,PPO_1,1850000,2,learner2,1.0
ppo_hier_items200_h1500\PPO_1,PPO_1,1867776,2,learner2,1.0
ppo_hier_items200_h1500\PPO_1,PPO_1,1875000,2,learner2,1.0
ppo_hier_items200_h1500\PPO_1,PPO_1,1900000,2,learner2,1.0
ppo_hier_items200_h1500\PPO_1,PPO_1,1900544,2,learner2,1.0
ppo_hier_items200_h1500\PPO_1,PPO_1,1925000,2,learner2,1.0
ppo_hier_items200_h1500\PPO_1,PPO_1,1933312,2,learner2,1.0
ppo_hier_items200_h1500\PPO_1,PPO_1,1950000,2,learner2,1.0
ppo_hier_items200_h1500\PPO_1,PPO_1,1966080,2,learner2,1.0
ppo_hier_items200_h1500\PPO_1,PPO_1,1975000,2,learner2,1.0
ppo_hier_items200_h1500\PPO_1,PPO_1,1998848,2,learner2,1.0
ppo_hier_items200_h1500\PPO_1,PPO_1,2000000,2,learner2,1.0
ppo_hier_items200_h1500\PPO_1,PPO_1,2025000,2,learner2,1.0
ppo_hier_items200_h1500\PPO_1,PPO_1,2031616,2,learner2,1.0
ppo_hier_items200_h1500\PPO_1,PPO_1,25000,3,learner3,1.0
ppo_hier_items200_h1500\PPO_1,PPO_1,32768,3,learner3,1.0
ppo_hier_items200_h1500\PPO_1,PPO_1,50000,3,learner3,1.0
ppo_hier_items200_h1500\PPO_1,PPO_1,65536,3,learner3,1.0
ppo_hier_items200_h1500\PPO_1,PPO_1,75000,3,learner3,1.0
ppo_hier_items200_h1500\PPO_1,PPO_1,98304,3,learner3,1.0
ppo_hier_items200_h1500\PPO_1,PPO_1,100000,3,learner3,1.0
ppo_hier_items200_h1500\PPO_1,PPO_1,125000,3,learner3,1.0
ppo_hier_items200_h1500\PPO_1,PPO_1,131072,3,learner3,1.0
ppo_hier_items200_h1500\PPO_1,PPO_1,150000,3,learner3,1.0
ppo_hier_items200_h1500\PPO_1,PPO_1,163840,3,learner3,0.9666666388511658
ppo_hier_items200_h1500\PPO_1,PPO_1,175000,3,learner3,1.0
ppo_hier_items200_h1500\PPO_1,PPO_1,196608,3,learner3,1.0
ppo_hier_items200_h1500\PPO_1,PPO_1,200000,3,learner3,1.0
ppo_hier_items200_h1500\PPO_1,PPO_1,225000,3,learner3,1.0
ppo_hier_items200_h1500\PPO_1,PPO_1,229376,3,learner3,1.0
ppo_hier_items200_h1500\PPO_1,PPO_1,250000,3,learner3,1.0
ppo_hier_items200_h1500\PPO_1,PPO_1,262144,3,learner3,1.0
ppo_hier_items200_h1500\PPO_1,PPO_1,275000,3,learner3,1.0
ppo_hier_items200_h1500\PPO_1,PPO_1,294912,3,learner3,1.0
ppo_hier_items200_h1500\PPO_1,PPO_1,300000,3,learner3,0.9666666388511658
ppo_hier_items200_h1500\PPO_1,PPO_1,325000,3,learner3,1.0
ppo_hier_items200_h1500\PPO_1,PPO_1,327680,3,learner3,1.0
ppo_hier_items200_h1500\PPO_1,PPO_1,350000,3,learner3,1.0
ppo_hier_items200_h1500\PPO_1,PPO_1,360448,3,learner3,1.0
ppo_hier_items200_h1500\PPO_1,PPO_1,375000,3,learner3,1.0
ppo_hier_items200_h1500\PPO_1,PPO_1,393216,3,learner3,0.9666666388511658
ppo_hier_items200_h1500\PPO_1,PPO_1,400000,3,learner3,1.0
ppo_hier_items200_h1500\PPO_1,PPO_1,425000,3,learner3,1.0
ppo_hier_items200_h1500\PPO_1,PPO_1,425984,3,learner3,1.0
ppo_hier_items200_h1500\PPO_1,PPO_1,450000,3,learner3,1.0
ppo_hier_items200_h1500\PPO_1,PPO_1,458752,3,learner3,1.0
ppo_hier_items200_h1500\PPO_1,PPO_1,475000,3,learner3,1.0
ppo_hier_items200_h1500\PPO_1,PPO_1,491520,3,learner3,1.0
ppo_hier_items200_h1500\PPO_1,PPO_1,500000,3,learner3,1.0
ppo_hier_items200_h1500\PPO_1,PPO_1,524288,3,learner3,1.0
ppo_hier_items200_h1500\PPO_1,PPO_1,525000,3,learner3,1.0
ppo_hier_items200_h1500\PPO_1,PPO_1,550000,3,learner3,1.0
ppo_hier_items200_h1500\PPO_1,PPO_1,557056,3,learner3,1.0
ppo_hier_items200_h1500\PPO_1,PPO_1,575000,3,learner3,1.0
ppo_hier_items200_h1500\PPO_1,PPO_1,589824,3,learner3,1.0
ppo_hier_items200_h1500\PPO_1,PPO_1,600000,3,learner3,1.0
ppo_hier_items200_h1500\PPO_1,PPO_1,622592,3,learner3,0.9666666388511658
ppo_hier_items200_h1500\PPO_1,PPO_1,625000,3,learner3,1.0
ppo_hier_items200_h1500\PPO_1,PPO_1,650000,3,learner3,1.0
ppo_hier_items200_h1500\PPO_1,PPO_1,655360,3,learner3,1.0
ppo_hier_items200_h1500\PPO_1,PPO_1,675000,3,learner3,1.0
ppo_hier_items200_h1500\PPO_1,PPO_1,688128,3,learner3,1.0
ppo_hier_items200_h1500\PPO_1,PPO_1,700000,3,learner3,1.0
ppo_hier_items200_h1500\PPO_1,PPO_1,720896,3,learner3,1.0
ppo_hier_items200_h1500\PPO_1,PPO_1,725000,3,learner3,1.0
ppo_hier_items200_h1500\PPO_1,PPO_1,750000,3,learner3,1.0
ppo_hier_items200_h1500\PPO_1,PPO_1,753664,3,learner3,1.0
ppo_hier_items200_h1500\PPO_1,PPO_1,775000,3,learner3,1.0
ppo_hier_items200_h1500\PPO_1,PPO_1,786432,3,learner3,1.0
ppo_hier_items200_h1500\PPO_1,PPO_1,800000,3,learner3,1.0
ppo_hier_items200_h1500\PPO_1,PPO_1,819200,3,learner3,1.0
ppo_hier_items200_h1500\PPO_1,PPO_1,825000,3,learner3,1.0
ppo_hier_items200_h1500\PPO_1,PPO_1,850000,3,learner3,1.0
ppo_hier_items200_h1500\PPO_1,PPO_1,851968,3,learner3,0.9666666388511658
ppo_hier_items200_h1500\PPO_1,PPO_1,875000,3,learner3,0.9666666388511658
ppo_hier_items200_h1500\PPO_1,PPO_1,884736,3,learner3,1.0
ppo_hier_items200_h1500\PPO_1,PPO_1,900000,3,learner3,1.0
ppo_hier_items200_h1500\PPO_1,PPO_1,917504,3,learner3,1.0
ppo_hier_items200_h1500\PPO_1,PPO_1,925000,3,learner3,1.0
ppo_hier_items200_h1500\PPO_1,PPO_1,950000,3,learner3,1.0
ppo_hier_items200_h1500\PPO_1,PPO_1,950272,3,learner3,1.0
ppo_hier_items200_h1500\PPO_1,PPO_1,975000,3,learner3,1.0
ppo_hier_items200_h1500\PPO_1,PPO_1,983040,3,learner3,0.9666666388511658
ppo_hier_items200_h1500\PPO_1,PPO_1,1000000,3,learner3,1.0
ppo_hier_items200_h1500\PPO_1,PPO_1,1015808,3,learner3,1.0
ppo_hier_items200_h1500\PPO_1,PPO_1,1025000,3,learner3,1.0
ppo_hier_items200_h1500\PPO_1,PPO_1,1048576,3,learner3,1.0
ppo_hier_items200_h1500\PPO_1,PPO_1,1050000,3,learner3,1.0
ppo_hier_items200_h1500\PPO_1,PPO_1,1075000,3,learner3,1.0
ppo_hier_items200_h1500\PPO_1,PPO_1,1081344,3,learner3,1.0
ppo_hier_items200_h1500\PPO_1,PPO_1,1100000,3,learner3,1.0
ppo_hier_items200_h1500\PPO_1,PPO_1,1114112,3,learner3,1.0
ppo_hier_items200_h1500\PPO_1,PPO_1,1125000,3,learner3,1.0
ppo_hier_items200_h1500\PPO_1,PPO_1,1146880,3,learner3,1.0
ppo_hier_items200_h1500\PPO_1,PPO_1,1150000,3,learner3,1.0
ppo_hier_items200_h1500\PPO_1,PPO_1,1175000,3,learner3,1.0
ppo_hier_items200_h1500\PPO_1,PPO_1,1179648,3,learner3,1.0
ppo_hier_items200_h1500\PPO_1,PPO_1,1200000,3,learner3,1.0
ppo_hier_items200_h1500\PPO_1,PPO_1,1212416,3,learner3,1.0
ppo_hier_items200_h1500\PPO_1,PPO_1,1225000,3,learner3,1.0
ppo_hier_items200_h1500\PPO_1,PPO_1,1245184,3,learner3,1.0
ppo_hier_items200_h1500\PPO_1,PPO_1,1250000,3,learner3,1.0
ppo_hier_items200_h1500\PPO_1,PPO_1,1275000,3,learner3,1.0
ppo_hier_items200_h1500\PPO_1,PPO_1,1277952,3,learner3,1.0
ppo_hier_items200_h1500\PPO_1,PPO_1,1300000,3,learner3,1.0
ppo_hier_items200_h1500\PPO_1,PPO_1,1310720,3,learner3,1.0
ppo_hier_items200_h1500\PPO_1,PPO_1,1325000,3,learner3,1.0
ppo_hier_items200_h1500\PPO_1,PPO_1,1343488,3,learner3,0.9666666388511658
ppo_hier_items200_h1500\PPO_1,PPO_1,1350000,3,learner3,1.0
ppo_hier_items200_h1500\PPO_1,PPO_1,1375000,3,learner3,1.0
ppo_hier_items200_h1500\PPO_1,PPO_1,1376256,3,learner3,1.0
ppo_hier_items200_h1500\PPO_1,PPO_1,1400000,3,learner3,1.0
ppo_hier_items200_h1500\PPO_1,PPO_1,1409024,3,learner3,1.0
ppo_hier_items200_h1500\PPO_1,PPO_1,1425000,3,learner3,1.0
ppo_hier_items200_h1500\PPO_1,PPO_1,1441792,3,learner3,1.0
ppo_hier_items200_h1500\PPO_1,PPO_1,1450000,3,learner3,1.0
ppo_hier_items200_h1500\PPO_1,PPO_1,1474560,3,learner3,1.0
ppo_hier_items200_h1500\PPO_1,PPO_1,1475000,3,learner3,1.0
ppo_hier_items200_h1500\PPO_1,PPO_1,1500000,3,learner3,1.0
ppo_hier_items200_h1500\PPO_1,PPO_1,1507328,3,learner3,1.0
ppo_hier_items200_h1500\PPO_1,PPO_1,1525000,3,learner3,1.0
ppo_hier_items200_h1500\PPO_1,PPO_1,1540096,3,learner3,1.0
ppo_hier_items200_h1500\PPO_1,PPO_1,1550000,3,learner3,1.0
ppo_hier_items200_h1500\PPO_1,PPO_1,1572864,3,learner3,1.0
ppo_hier_items200_h1500\PPO_1,PPO_1,1575000,3,learner3,1.0
ppo_hier_items200_h1500\PPO_1,PPO_1,1600000,3,learner3,1.0
ppo_hier_items200_h1500\PPO_1,PPO_1,1605632,3,learner3,0.9666666388511658
ppo_hier_items200_h1500\PPO_1,PPO_1,1625000,3,learner3,1.0
ppo_hier_items200_h1500\PPO_1,PPO_1,1638400,3,learner3,1.0
ppo_hier_items200_h1500\PPO_1,PPO_1,1650000,3,learner3,1.0
ppo_hier_items200_h1500\PPO_1,PPO_1,1671168,3,learner3,1.0
ppo_hier_items200_h1500\PPO_1,PPO_1,1675000,3,learner3,1.0
ppo_hier_items200_h1500\PPO_1,PPO_1,1700000,3,learner3,1.0
ppo_hier_items200_h1500\PPO_1,PPO_1,1703936,3,learner3,0.9666666388511658
ppo_hier_items200_h1500\PPO_1,PPO_1,1725000,3,learner3,1.0
ppo_hier_items200_h1500\PPO_1,PPO_1,1736704,3,learner3,1.0
ppo_hier_items200_h1500\PPO_1,PPO_1,1750000,3,learner3,1.0
ppo_hier_items200_h1500\PPO_1,PPO_1,1769472,3,learner3,1.0
ppo_hier_items200_h1500\PPO_1,PPO_1,1775000,3,learner3,1.0
ppo_hier_items200_h1500\PPO_1,PPO_1,1800000,3,learner3,0.9666666388511658
ppo_hier_items200_h1500\PPO_1,PPO_1,1802240,3,learner3,1.0
ppo_hier_items200_h1500\PPO_1,PPO_1,1825000,3,learner3,1.0
ppo_hier_items200_h1500\PPO_1,PPO_1,1835008,3,learner3,1.0
ppo_hier_items200_h1500\PPO_1,PPO_1,1850000,3,learner3,1.0
ppo_hier_items200_h1500\PPO_1,PPO_1,1867776,3,learner3,1.0
ppo_hier_items200_h1500\PPO_1,PPO_1,1875000,3,learner3,1.0
ppo_hier_items200_h1500\PPO_1,PPO_1,1900000,3,learner3,1.0
ppo_hier_items200_h1500\PPO_1,PPO_1,1900544,3,learner3,1.0
ppo_hier_items200_h1500\PPO_1,PPO_1,1925000,3,learner3,1.0
ppo_hier_items200_h1500\PPO_1,PPO_1,1933312,3,learner3,1.0
ppo_hier_items200_h1500\PPO_1,PPO_1,1950000,3,learner3,1.0
ppo_hier_items200_h1500\PPO_1,PPO_1,1966080,3,learner3,1.0
ppo_hier_items200_h1500\PPO_1,PPO_1,1975000,3,learner3,1.0
ppo_hier_items200_h1500\PPO_1,PPO_1,1998848,3,learner3,1.0
ppo_hier_items200_h1500\PPO_1,PPO_1,2000000,3,learner3,1.0
ppo_hier_items200_h1500\PPO_1,PPO_1,2025000,3,learner3,1.0
ppo_hier_items200_h1500\PPO_1,PPO_1,2031616,3,learner3,1.0
ppo_hier_items200_h1500\PPO_1,PPO_1,25000,4,learner4,1.0
ppo_hier_items200_h1500\PPO_1,PPO_1,32768,4,learner4,1.0
ppo_hier_items200_h1500\PPO_1,PPO_1,50000,4,learner4,1.0
ppo_hier_items200_h1500\PPO_1,PPO_1,65536,4,learner4,1.0
ppo_hier_items200_h1500\PPO_1,PPO_1,75000,4,learner4,1.0
ppo_hier_items200_h1500\PPO_1,PPO_1,98304,4,learner4,1.0
ppo_hier_items200_h1500\PPO_1,PPO_1,100000,4,learner4,1.0
ppo_hier_items200_h1500\PPO_1,PPO_1,125000,4,learner4,1.0
ppo_hier_items200_h1500\PPO_1,PPO_1,131072,4,learner4,1.0
ppo_hier_items200_h1500\PPO_1,PPO_1,150000,4,learner4,1.0
ppo_hier_items200_h1500\PPO_1,PPO_1,163840,4,learner4,1.0
ppo_hier_items200_h1500\PPO_1,PPO_1,175000,4,learner4,1.0
ppo_hier_items200_h1500\PPO_1,PPO_1,196608,4,learner4,1.0
ppo_hier_items200_h1500\PPO_1,PPO_1,200000,4,learner4,1.0
ppo_hier_items200_h1500\PPO_1,PPO_1,225000,4,learner4,1.0
ppo_hier_items200_h1500\PPO_1,PPO_1,229376,4,learner4,1.0
ppo_hier_items200_h1500\PPO_1,PPO_1,250000,4,learner4,1.0
ppo_hier_items200_h1500\PPO_1,PPO_1,262144,4,learner4,1.0
ppo_hier_items200_h1500\PPO_1,PPO_1,275000,4,learner4,1.0
ppo_hier_items200_h1500\PPO_1,PPO_1,294912,4,learner4,1.0
ppo_hier_items200_h1500\PPO_1,PPO_1,300000,4,learner4,1.0
ppo_hier_items200_h1500\PPO_1,PPO_1,325000,4,learner4,1.0
ppo_hier_items200_h1500\PPO_1,PPO_1,327680,4,learner4,1.0
ppo_hier_items200_h1500\PPO_1,PPO_1,350000,4,learner4,1.0
ppo_hier_items200_h1500\PPO_1,PPO_1,360448,4,learner4,1.0
ppo_hier_items200_h1500\PPO_1,PPO_1,375000,4,learner4,1.0
ppo_hier_items200_h1500\PPO_1,PPO_1,393216,4,learner4,1.0
ppo_hier_items200_h1500\PPO_1,PPO_1,400000,4,learner4,0.9666666388511658
ppo_hier_items200_h1500\PPO_1,PPO_1,425000,4,learner4,1.0
ppo_hier_items200_h1500\PPO_1,PPO_1,425984,4,learner4,1.0
ppo_hier_items200_h1500\PPO_1,PPO_1,450000,4,learner4,1.0
ppo_hier_items200_h1500\PPO_1,PPO_1,458752,4,learner4,1.0
ppo_hier_items200_h1500\PPO_1,PPO_1,475000,4,learner4,1.0
ppo_hier_items200_h1500\PPO_1,PPO_1,491520,4,learner4,1.0
ppo_hier_items200_h1500\PPO_1,PPO_1,500000,4,learner4,1.0
ppo_hier_items200_h1500\PPO_1,PPO_1,524288,4,learner4,1.0
ppo_hier_items200_h1500\PPO_1,PPO_1,525000,4,learner4,1.0
ppo_hier_items200_h1500\PPO_1,PPO_1,550000,4,learner4,1.0
ppo_hier_items200_h1500\PPO_1,PPO_1,557056,4,learner4,1.0
ppo_hier_items200_h1500\PPO_1,PPO_1,575000,4,learner4,1.0
ppo_hier_items200_h1500\PPO_1,PPO_1,589824,4,learner4,1.0
ppo_hier_items200_h1500\PPO_1,PPO_1,600000,4,learner4,1.0
ppo_hier_items200_h1500\PPO_1,PPO_1,622592,4,learner4,1.0
ppo_hier_items200_h1500\PPO_1,PPO_1,625000,4,learner4,1.0
ppo_hier_items200_h1500\PPO_1,PPO_1,650000,4,learner4,1.0
ppo_hier_items200_h1500\PPO_1,PPO_1,655360,4,learner4,1.0
ppo_hier_items200_h1500\PPO_1,PPO_1,675000,4,learner4,1.0
ppo_hier_items200_h1500\PPO_1,PPO_1,688128,4,learner4,1.0
ppo_hier_items200_h1500\PPO_1,PPO_1,700000,4,learner4,1.0
ppo_hier_items200_h1500\PPO_1,PPO_1,720896,4,learner4,1.0
ppo_hier_items200_h1500\PPO_1,PPO_1,725000,4,learner4,1.0
ppo_hier_items200_h1500\PPO_1,PPO_1,750000,4,learner4,1.0
ppo_hier_items200_h1500\PPO_1,PPO_1,753664,4,learner4,1.0
ppo_hier_items200_h1500\PPO_1,PPO_1,775000,4,learner4,1.0
ppo_hier_items200_h1500\PPO_1,PPO_1,786432,4,learner4,1.0
ppo_hier_items200_h1500\PPO_1,PPO_1,800000,4,learner4,1.0
ppo_hier_items200_h1500\PPO_1,PPO_1,819200,4,learner4,1.0
ppo_hier_items200_h1500\PPO_1,PPO_1,825000,4,learner4,1.0
ppo_hier_items200_h1500\PPO_1,PPO_1,850000,4,learner4,1.0
ppo_hier_items200_h1500\PPO_1,PPO_1,851968,4,learner4,1.0
ppo_hier_items200_h1500\PPO_1,PPO_1,875000,4,learner4,1.0
ppo_hier_items200_h1500\PPO_1,PPO_1,884736,4,learner4,1.0
ppo_hier_items200_h1500\PPO_1,PPO_1,900000,4,learner4,1.0
ppo_hier_items200_h1500\PPO_1,PPO_1,917504,4,learner4,1.0
ppo_hier_items200_h1500\PPO_1,PPO_1,925000,4,learner4,1.0
ppo_hier_items200_h1500\PPO_1,PPO_1,950000,4,learner4,1.0
ppo_hier_items200_h1500\PPO_1,PPO_1,950272,4,learner4,1.0
ppo_hier_items200_h1500\PPO_1,PPO_1,975000,4,learner4,1.0
ppo_hier_items200_h1500\PPO_1,PPO_1,983040,4,learner4,1.0
ppo_hier_items200_h1500\PPO_1,PPO_1,1000000,4,learner4,0.9666666388511658
ppo_hier_items200_h1500\PPO_1,PPO_1,1015808,4,learner4,1.0
ppo_hier_items200_h1500\PPO_1,PPO_1,1025000,4,learner4,1.0
ppo_hier_items200_h1500\PPO_1,PPO_1,1048576,4,learner4,1.0
ppo_hier_items200_h1500\PPO_1,PPO_1,1050000,4,learner4,1.0
ppo_hier_items200_h1500\PPO_1,PPO_1,1075000,4,learner4,1.0
ppo_hier_items200_h1500\PPO_1,PPO_1,1081344,4,learner4,1.0
ppo_hier_items200_h1500\PPO_1,PPO_1,1100000,4,learner4,1.0
ppo_hier_items200_h1500\PPO_1,PPO_1,1114112,4,learner4,1.0
ppo_hier_items200_h1500\PPO_1,PPO_1,1125000,4,learner4,1.0
ppo_hier_items200_h1500\PPO_1,PPO_1,1146880,4,learner4,1.0
ppo_hier_items200_h1500\PPO_1,PPO_1,1150000,4,learner4,1.0
ppo_hier_items200_h1500\PPO_1,PPO_1,1175000,4,learner4,1.0
ppo_hier_items200_h1500\PPO_1,PPO_1,1179648,4,learner4,1.0
ppo_hier_items200_h1500\PPO_1,PPO_1,1200000,4,learner4,1.0
ppo_hier_items200_h1500\PPO_1,PPO_1,1212416,4,learner4,1.0
ppo_hier_items200_h1500\PPO_1,PPO_1,1225000,4,learner4,1.0
ppo_hier_items200_h1500\PPO_1,PPO_1,1245184,4,learner4,1.0
ppo_hier_items200_h1500\PPO_1,PPO_1,1250000,4,learner4,1.0
ppo_hier_items200_h1500\PPO_1,PPO_1,1275000,4,learner4,1.0
ppo_hier_items200_h1500\PPO_1,PPO_1,1277952,4,learner4,1.0
ppo_hier_items200_h1500\PPO_1,PPO_1,1300000,4,learner4,1.0
ppo_hier_items200_h1500\PPO_1,PPO_1,1310720,4,learner4,1.0
ppo_hier_items200_h1500\PPO_1,PPO_1,1325000,4,learner4,1.0
ppo_hier_items200_h1500\PPO_1,PPO_1,1343488,4,learner4,1.0
ppo_hier_items200_h1500\PPO_1,PPO_1,1350000,4,learner4,1.0
ppo_hier_items200_h1500\PPO_1,PPO_1,1375000,4,learner4,0.9666666388511658
ppo_hier_items200_h1500\PPO_1,PPO_1,1376256,4,learner4,1.0
ppo_hier_items200_h1500\PPO_1,PPO_1,1400000,4,learner4,1.0
ppo_hier_items200_h1500\PPO_1,PPO_1,1409024,4,learner4,1.0
ppo_hier_items200_h1500\PPO_1,PPO_1,1425000,4,learner4,1.0
ppo_hier_items200_h1500\PPO_1,PPO_1,1441792,4,learner4,1.0
ppo_hier_items200_h1500\PPO_1,PPO_1,1450000,4,learner4,1.0
ppo_hier_items200_h1500\PPO_1,PPO_1,1474560,4,learner4,1.0
ppo_hier_items200_h1500\PPO_1,PPO_1,1475000,4,learner4,0.9666666388511658
ppo_hier_items200_h1500\PPO_1,PPO_1,1500000,4,learner4,1.0
ppo_hier_items200_h1500\PPO_1,PPO_1,1507328,4,learner4,0.9666666388511658
ppo_hier_items200_h1500\PPO_1,PPO_1,1525000,4,learner4,1.0
ppo_hier_items200_h1500\PPO_1,PPO_1,1540096,4,learner4,1.0
ppo_hier_items200_h1500\PPO_1,PPO_1,1550000,4,learner4,1.0
ppo_hier_items200_h1500\PPO_1,PPO_1,1572864,4,learner4,1.0
ppo_hier_items200_h1500\PPO_1,PPO_1,1575000,4,learner4,1.0
ppo_hier_items200_h1500\PPO_1,PPO_1,1600000,4,learner4,1.0
ppo_hier_items200_h1500\PPO_1,PPO_1,1605632,4,learner4,1.0
ppo_hier_items200_h1500\PPO_1,PPO_1,1625000,4,learner4,1.0
ppo_hier_items200_h1500\PPO_1,PPO_1,1638400,4,learner4,1.0
ppo_hier_items200_h1500\PPO_1,PPO_1,1650000,4,learner4,1.0
ppo_hier_items200_h1500\PPO_1,PPO_1,1671168,4,learner4,1.0
ppo_hier_items200_h1500\PPO_1,PPO_1,1675000,4,learner4,1.0
ppo_hier_items200_h1500\PPO_1,PPO_1,1700000,4,learner4,1.0
ppo_hier_items200_h1500\PPO_1,PPO_1,1703936,4,learner4,1.0
ppo_hier_items200_h1500\PPO_1,PPO_1,1725000,4,learner4,1.0
ppo_hier_items200_h1500\PPO_1,PPO_1,1736704,4,learner4,1.0
ppo_hier_items200_h1500\PPO_1,PPO_1,1750000,4,learner4,1.0
ppo_hier_items200_h1500\PPO_1,PPO_1,1769472,4,learner4,1.0
ppo_hier_items200_h1500\PPO_1,PPO_1,1775000,4,learner4,1.0
ppo_hier_items200_h1500\PPO_1,PPO_1,1800000,4,learner4,1.0
ppo_hier_items200_h1500\PPO_1,PPO_1,1802240,4,learner4,1.0
ppo_hier_items200_h1500\PPO_1,PPO_1,1825000,4,learner4,1.0
ppo_hier_items200_h1500\PPO_1,PPO_1,1835008,4,learner4,1.0
ppo_hier_items200_h1500\PPO_1,PPO_1,1850000,4,learner4,1.0
ppo_hier_items200_h1500\PPO_1,PPO_1,1867776,4,learner4,1.0
ppo_hier_items200_h1500\PPO_1,PPO_1,1875000,4,learner4,1.0
ppo_hier_items200_h1500\PPO_1,PPO_1,1900000,4,learner4,1.0
ppo_hier_items200_h1500\PPO_1,PPO_1,1900544,4,learner4,1.0
ppo_hier_items200_h1500\PPO_1,PPO_1,1925000,4,learner4,1.0
ppo_hier_items200_h1500\PPO_1,PPO_1,1933312,4,learner4,1.0
ppo_hier_items200_h1500\PPO_1,PPO_1,1950000,4,learner4,1.0
ppo_hier_items200_h1500\PPO_1,PPO_1,1966080,4,learner4,1.0
ppo_hier_items200_h1500\PPO_1,PPO_1,1975000,4,learner4,1.0
ppo_hier_items200_h1500\PPO_1,PPO_1,1998848,4,learner4,1.0
ppo_hier_items200_h1500\PPO_1,PPO_1,2000000,4,learner4,1.0
ppo_hier_items200_h1500\PPO_1,PPO_1,2025000,4,learner4,1.0
ppo_hier_items200_h1500\PPO_1,PPO_1,2031616,4,learner4,1.0
ppo_hier_items200_h1500\PPO_1,PPO_1,25000,5,learner5,1.0
ppo_hier_items200_h1500\PPO_1,PPO_1,32768,5,learner5,1.0
ppo_hier_items200_h1500\PPO_1,PPO_1,50000,5,learner5,1.0
ppo_hier_items200_h1500\PPO_1,PPO_1,65536,5,learner5,1.0
ppo_hier_items200_h1500\PPO_1,PPO_1,75000,5,learner5,1.0
ppo_hier_items200_h1500\PPO_1,PPO_1,98304,5,learner5,1.0
ppo_hier_items200_h1500\PPO_1,PPO_1,100000,5,learner5,1.0
ppo_hier_items200_h1500\PPO_1,PPO_1,125000,5,learner5,1.0
ppo_hier_items200_h1500\PPO_1,PPO_1,131072,5,learner5,1.0
ppo_hier_items200_h1500\PPO_1,PPO_1,150000,5,learner5,1.0
ppo_hier_items200_h1500\PPO_1,PPO_1,163840,5,learner5,1.0
ppo_hier_items200_h1500\PPO_1,PPO_1,175000,5,learner5,1.0
ppo_hier_items200_h1500\PPO_1,PPO_1,196608,5,learner5,1.0
ppo_hier_items200_h1500\PPO_1,PPO_1,200000,5,learner5,1.0
ppo_hier_items200_h1500\PPO_1,PPO_1,225000,5,learner5,1.0
ppo_hier_items200_h1500\PPO_1,PPO_1,229376,5,learner5,1.0
ppo_hier_items200_h1500\PPO_1,PPO_1,250000,5,learner5,1.0
ppo_hier_items200_h1500\PPO_1,PPO_1,262144,5,learner5,1.0
ppo_hier_items200_h1500\PPO_1,PPO_1,275000,5,learner5,1.0
ppo_hier_items200_h1500\PPO_1,PPO_1,294912,5,learner5,1.0
ppo_hier_items200_h1500\PPO_1,PPO_1,300000,5,learner5,1.0
ppo_hier_items200_h1500\PPO_1,PPO_1,325000,5,learner5,1.0
ppo_hier_items200_h1500\PPO_1,PPO_1,327680,5,learner5,1.0
ppo_hier_items200_h1500\PPO_1,PPO_1,350000,5,learner5,1.0
ppo_hier_items200_h1500\PPO_1,PPO_1,360448,5,learner5,1.0
ppo_hier_items200_h1500\PPO_1,PPO_1,375000,5,learner5,1.0
ppo_hier_items200_h1500\PPO_1,PPO_1,393216,5,learner5,1.0
ppo_hier_items200_h1500\PPO_1,PPO_1,400000,5,learner5,1.0
ppo_hier_items200_h1500\PPO_1,PPO_1,425000,5,learner5,1.0
ppo_hier_items200_h1500\PPO_1,PPO_1,425984,5,learner5,1.0
ppo_hier_items200_h1500\PPO_1,PPO_1,450000,5,learner5,1.0
ppo_hier_items200_h1500\PPO_1,PPO_1,458752,5,learner5,1.0
ppo_hier_items200_h1500\PPO_1,PPO_1,475000,5,learner5,1.0
ppo_hier_items200_h1500\PPO_1,PPO_1,491520,5,learner5,1.0
ppo_hier_items200_h1500\PPO_1,PPO_1,500000,5,learner5,1.0
ppo_hier_items200_h1500\PPO_1,PPO_1,524288,5,learner5,1.0
ppo_hier_items200_h1500\PPO_1,PPO_1,525000,5,learner5,1.0
ppo_hier_items200_h1500\PPO_1,PPO_1,550000,5,learner5,1.0
ppo_hier_items200_h1500\PPO_1,PPO_1,557056,5,learner5,1.0
ppo_hier_items200_h1500\PPO_1,PPO_1,575000,5,learner5,1.0
ppo_hier_items200_h1500\PPO_1,PPO_1,589824,5,learner5,1.0
ppo_hier_items200_h1500\PPO_1,PPO_1,600000,5,learner5,1.0
ppo_hier_items200_h1500\PPO_1,PPO_1,622592,5,learner5,0.9666666388511658
ppo_hier_items200_h1500\PPO_1,PPO_1,625000,5,learner5,1.0
ppo_hier_items200_h1500\PPO_1,PPO_1,650000,5,learner5,1.0
ppo_hier_items200_h1500\PPO_1,PPO_1,655360,5,learner5,1.0
ppo_hier_items200_h1500\PPO_1,PPO_1,675000,5,learner5,1.0
ppo_hier_items200_h1500\PPO_1,PPO_1,688128,5,learner5,1.0
ppo_hier_items200_h1500\PPO_1,PPO_1,700000,5,learner5,1.0
ppo_hier_items200_h1500\PPO_1,PPO_1,720896,5,learner5,1.0
ppo_hier_items200_h1500\PPO_1,PPO_1,725000,5,learner5,1.0
ppo_hier_items200_h1500\PPO_1,PPO_1,750000,5,learner5,1.0
ppo_hier_items200_h1500\PPO_1,PPO_1,753664,5,learner5,1.0
ppo_hier_items200_h1500\PPO_1,PPO_1,775000,5,learner5,1.0
ppo_hier_items200_h1500\PPO_1,PPO_1,786432,5,learner5,1.0
ppo_hier_items200_h1500\PPO_1,PPO_1,800000,5,learner5,1.0
ppo_hier_items200_h1500\PPO_1,PPO_1,819200,5,learner5,1.0
ppo_hier_items200_h1500\PPO_1,PPO_1,825000,5,learner5,1.0
ppo_hier_items200_h1500\PPO_1,PPO_1,850000,5,learner5,1.0
ppo_hier_items200_h1500\PPO_1,PPO_1,851968,5,learner5,1.0
ppo_hier_items200_h1500\PPO_1,PPO_1,875000,5,learner5,1.0
ppo_hier_items200_h1500\PPO_1,PPO_1,884736,5,learner5,1.0
ppo_hier_items200_h1500\PPO_1,PPO_1,900000,5,learner5,0.9666666388511658
ppo_hier_items200_h1500\PPO_1,PPO_1,917504,5,learner5,1.0
ppo_hier_items200_h1500\PPO_1,PPO_1,925000,5,learner5,1.0
ppo_hier_items200_h1500\PPO_1,PPO_1,950000,5,learner5,1.0
ppo_hier_items200_h1500\PPO_1,PPO_1,950272,5,learner5,1.0
ppo_hier_items200_h1500\PPO_1,PPO_1,975000,5,learner5,1.0
ppo_hier_items200_h1500\PPO_1,PPO_1,983040,5,learner5,1.0
ppo_hier_items200_h1500\PPO_1,PPO_1,1000000,5,learner5,1.0
ppo_hier_items200_h1500\PPO_1,PPO_1,1015808,5,learner5,1.0
ppo_hier_items200_h1500\PPO_1,PPO_1,1025000,5,learner5,1.0
ppo_hier_items200_h1500\PPO_1,PPO_1,1048576,5,learner5,1.0
ppo_hier_items200_h1500\PPO_1,PPO_1,1050000,5,learner5,1.0
ppo_hier_items200_h1500\PPO_1,PPO_1,1075000,5,learner5,1.0
ppo_hier_items200_h1500\PPO_1,PPO_1,1081344,5,learner5,1.0
ppo_hier_items200_h1500\PPO_1,PPO_1,1100000,5,learner5,1.0
ppo_hier_items200_h1500\PPO_1,PPO_1,1114112,5,learner5,1.0
ppo_hier_items200_h1500\PPO_1,PPO_1,1125000,5,learner5,1.0
ppo_hier_items200_h1500\PPO_1,PPO_1,1146880,5,learner5,0.9666666388511658
ppo_hier_items200_h1500\PPO_1,PPO_1,1150000,5,learner5,1.0
ppo_hier_items200_h1500\PPO_1,PPO_1,1175000,5,learner5,1.0
ppo_hier_items200_h1500\PPO_1,PPO_1,1179648,5,learner5,1.0
ppo_hier_items200_h1500\PPO_1,PPO_1,1200000,5,learner5,1.0
ppo_hier_items200_h1500\PPO_1,PPO_1,1212416,5,learner5,1.0
ppo_hier_items200_h1500\PPO_1,PPO_1,1225000,5,learner5,1.0
ppo_hier_items200_h1500\PPO_1,PPO_1,1245184,5,learner5,1.0
ppo_hier_items200_h1500\PPO_1,PPO_1,1250000,5,learner5,1.0
ppo_hier_items200_h1500\PPO_1,PPO_1,1275000,5,learner5,1.0
ppo_hier_items200_h1500\PPO_1,PPO_1,1277952,5,learner5,1.0
ppo_hier_items200_h1500\PPO_1,PPO_1,1300000,5,learner5,1.0
ppo_hier_items200_h1500\PPO_1,PPO_1,1310720,5,learner5,0.9666666388511658
ppo_hier_items200_h1500\PPO_1,PPO_1,1325000,5,learner5,1.0
ppo_hier_items200_h1500\PPO_1,PPO_1,1343488,5,learner5,0.9666666388511658
ppo_hier_items200_h1500\PPO_1,PPO_1,1350000,5,learner5,1.0
ppo_hier_items200_h1500\PPO_1,PPO_1,1375000,5,learner5,1.0
ppo_hier_items200_h1500\PPO_1,PPO_1,1376256,5,learner5,0.9666666388511658
ppo_hier_items200_h1500\PPO_1,PPO_1,1400000,5,learner5,1.0
ppo_hier_items200_h1500\PPO_1,PPO_1,1409024,5,learner5,1.0
ppo_hier_items200_h1500\PPO_1,PPO_1,1425000,5,learner5,1.0
ppo_hier_items200_h1500\PPO_1,PPO_1,1441792,5,learner5,1.0
ppo_hier_items200_h1500\PPO_1,PPO_1,1450000,5,learner5,1.0
ppo_hier_items200_h1500\PPO_1,PPO_1,1474560,5,learner5,0.9333333373069763
ppo_hier_items200_h1500\PPO_1,PPO_1,1475000,5,learner5,0.9666666388511658
ppo_hier_items200_h1500\PPO_1,PPO_1,1500000,5,learner5,0.9666666388511658
ppo_hier_items200_h1500\PPO_1,PPO_1,1507328,5,learner5,1.0
ppo_hier_items200_h1500\PPO_1,PPO_1,1525000,5,learner5,1.0
ppo_hier_items200_h1500\PPO_1,PPO_1,1540096,5,learner5,1.0
ppo_hier_items200_h1500\PPO_1,PPO_1,1550000,5,learner5,1.0
ppo_hier_items200_h1500\PPO_1,PPO_1,1572864,5,learner5,1.0
ppo_hier_items200_h1500\PPO_1,PPO_1,1575000,5,learner5,1.0
ppo_hier_items200_h1500\PPO_1,PPO_1,1600000,5,learner5,1.0
ppo_hier_items200_h1500\PPO_1,PPO_1,1605632,5,learner5,1.0
ppo_hier_items200_h1500\PPO_1,PPO_1,1625000,5,learner5,1.0
ppo_hier_items200_h1500\PPO_1,PPO_1,1638400,5,learner5,1.0
ppo_hier_items200_h1500\PPO_1,PPO_1,1650000,5,learner5,1.0
ppo_hier_items200_h1500\PPO_1,PPO_1,1671168,5,learner5,1.0
ppo_hier_items200_h1500\PPO_1,PPO_1,1675000,5,learner5,1.0
ppo_hier_items200_h1500\PPO_1,PPO_1,1700000,5,learner5,1.0
ppo_hier_items200_h1500\PPO_1,PPO_1,1703936,5,learner5,1.0
ppo_hier_items200_h1500\PPO_1,PPO_1,1725000,5,learner5,1.0
ppo_hier_items200_h1500\PPO_1,PPO_1,1736704,5,learner5,1.0
ppo_hier_items200_h1500\PPO_1,PPO_1,1750000,5,learner5,1.0
ppo_hier_items200_h1500\PPO_1,PPO_1,1769472,5,learner5,1.0
ppo_hier_items200_h1500\PPO_1,PPO_1,1775000,5,learner5,1.0
ppo_hier_items200_h1500\PPO_1,PPO_1,1800000,5,learner5,1.0
ppo_hier_items200_h1500\PPO_1,PPO_1,1802240,5,learner5,1.0
ppo_hier_items200_h1500\PPO_1,PPO_1,1825000,5,learner5,1.0
ppo_hier_items200_h1500\PPO_1,PPO_1,1835008,5,learner5,1.0
ppo_hier_items200_h1500\PPO_1,PPO_1,1850000,5,learner5,1.0
ppo_hier_items200_h1500\PPO_1,PPO_1,1867776,5,learner5,1.0
ppo_hier_items200_h1500\PPO_1,PPO_1,1875000,5,learner5,1.0
ppo_hier_items200_h1500\PPO_1,PPO_1,1900000,5,learner5,1.0
ppo_hier_items200_h1500\PPO_1,PPO_1,1900544,5,learner5,1.0
ppo_hier_items200_h1500\PPO_1,PPO_1,1925000,5,learner5,1.0
ppo_hier_items200_h1500\PPO_1,PPO_1,1933312,5,learner5,1.0
ppo_hier_items200_h1500\PPO_1,PPO_1,1950000,5,learner5,1.0
ppo_hier_items200_h1500\PPO_1,PPO_1,1966080,5,learner5,1.0
ppo_hier_items200_h1500\PPO_1,PPO_1,1975000,5,learner5,1.0
ppo_hier_items200_h1500\PPO_1,PPO_1,1998848,5,learner5,1.0
ppo_hier_items200_h1500\PPO_1,PPO_1,2000000,5,learner5,1.0
ppo_hier_items200_h1500\PPO_1,PPO_1,2025000,5,learner5,1.0
ppo_hier_items200_h1500\PPO_1,PPO_1,2031616,5,learner5,1.0
ppo_hier_items200_h1500\PPO_1,PPO_1,25000,6,learner6,1.0
ppo_hier_items200_h1500\PPO_1,PPO_1,32768,6,learner6,1.0
ppo_hier_items200_h1500\PPO_1,PPO_1,50000,6,learner6,1.0
ppo_hier_items200_h1500\PPO_1,PPO_1,65536,6,learner6,1.0
ppo_hier_items200_h1500\PPO_1,PPO_1,75000,6,learner6,1.0
ppo_hier_items200_h1500\PPO_1,PPO_1,98304,6,learner6,1.0
ppo_hier_items200_h1500\PPO_1,PPO_1,100000,6,learner6,1.0
ppo_hier_items200_h1500\PPO_1,PPO_1,125000,6,learner6,1.0
ppo_hier_items200_h1500\PPO_1,PPO_1,131072,6,learner6,1.0
ppo_hier_items200_h1500\PPO_1,PPO_1,150000,6,learner6,1.0
ppo_hier_items200_h1500\PPO_1,PPO_1,163840,6,learner6,1.0
ppo_hier_items200_h1500\PPO_1,PPO_1,175000,6,learner6,1.0
ppo_hier_items200_h1500\PPO_1,PPO_1,196608,6,learner6,1.0
ppo_hier_items200_h1500\PPO_1,PPO_1,200000,6,learner6,1.0
ppo_hier_items200_h1500\PPO_1,PPO_1,225000,6,learner6,0.9666666388511658
ppo_hier_items200_h1500\PPO_1,PPO_1,229376,6,learner6,1.0
ppo_hier_items200_h1500\PPO_1,PPO_1,250000,6,learner6,1.0
ppo_hier_items200_h1500\PPO_1,PPO_1,262144,6,learner6,1.0
ppo_hier_items200_h1500\PPO_1,PPO_1,275000,6,learner6,1.0
ppo_hier_items200_h1500\PPO_1,PPO_1,294912,6,learner6,1.0
ppo_hier_items200_h1500\PPO_1,PPO_1,300000,6,learner6,1.0
ppo_hier_items200_h1500\PPO_1,PPO_1,325000,6,learner6,1.0
ppo_hier_items200_h1500\PPO_1,PPO_1,327680,6,learner6,1.0
ppo_hier_items200_h1500\PPO_1,PPO_1,350000,6,learner6,1.0
ppo_hier_items200_h1500\PPO_1,PPO_1,360448,6,learner6,1.0
ppo_hier_items200_h1500\PPO_1,PPO_1,375000,6,learner6,1.0
ppo_hier_items200_h1500\PPO_1,PPO_1,393216,6,learner6,1.0
ppo_hier_items200_h1500\PPO_1,PPO_1,400000,6,learner6,1.0
ppo_hier_items200_h1500\PPO_1,PPO_1,425000,6,learner6,1.0
ppo_hier_items200_h1500\PPO_1,PPO_1,425984,6,learner6,1.0
ppo_hier_items200_h1500\PPO_1,PPO_1,450000,6,learner6,1.0
ppo_hier_items200_h1500\PPO_1,PPO_1,458752,6,learner6,1.0
ppo_hier_items200_h1500\PPO_1,PPO_1,475000,6,learner6,1.0
ppo_hier_items200_h1500\PPO_1,PPO_1,491520,6,learner6,1.0
ppo_hier_items200_h1500\PPO_1,PPO_1,500000,6,learner6,1.0
ppo_hier_items200_h1500\PPO_1,PPO_1,524288,6,learner6,1.0
ppo_hier_items200_h1500\PPO_1,PPO_1,525000,6,learner6,1.0
ppo_hier_items200_h1500\PPO_1,PPO_1,550000,6,learner6,1.0
ppo_hier_items200_h1500\PPO_1,PPO_1,557056,6,learner6,1.0
ppo_hier_items200_h1500\PPO_1,PPO_1,575000,6,learner6,1.0
ppo_hier_items200_h1500\PPO_1,PPO_1,589824,6,learner6,1.0
ppo_hier_items200_h1500\PPO_1,PPO_1,600000,6,learner6,1.0
ppo_hier_items200_h1500\PPO_1,PPO_1,622592,6,learner6,1.0
ppo_hier_items200_h1500\PPO_1,PPO_1,625000,6,learner6,1.0
ppo_hier_items200_h1500\PPO_1,PPO_1,650000,6,learner6,1.0
ppo_hier_items200_h1500\PPO_1,PPO_1,655360,6,learner6,1.0
ppo_hier_items200_h1500\PPO_1,PPO_1,675000,6,learner6,1.0
ppo_hier_items200_h1500\PPO_1,PPO_1,688128,6,learner6,1.0
ppo_hier_items200_h1500\PPO_1,PPO_1,700000,6,learner6,1.0
ppo_hier_items200_h1500\PPO_1,PPO_1,720896,6,learner6,1.0
ppo_hier_items200_h1500\PPO_1,PPO_1,725000,6,learner6,1.0
ppo_hier_items200_h1500\PPO_1,PPO_1,750000,6,learner6,1.0
ppo_hier_items200_h1500\PPO_1,PPO_1,753664,6,learner6,1.0
ppo_hier_items200_h1500\PPO_1,PPO_1,775000,6,learner6,1.0
ppo_hier_items200_h1500\PPO_1,PPO_1,786432,6,learner6,1.0
ppo_hier_items200_h1500\PPO_1,PPO_1,800000,6,learner6,1.0
ppo_hier_items200_h1500\PPO_1,PPO_1,819200,6,learner6,1.0
ppo_hier_items200_h1500\PPO_1,PPO_1,825000,6,learner6,1.0
ppo_hier_items200_h1500\PPO_1,PPO_1,850000,6,learner6,1.0
ppo_hier_items200_h1500\PPO_1,PPO_1,851968,6,learner6,1.0
ppo_hier_items200_h1500\PPO_1,PPO_1,875000,6,learner6,1.0
ppo_hier_items200_h1500\PPO_1,PPO_1,884736,6,learner6,1.0
ppo_hier_items200_h1500\PPO_1,PPO_1,900000,6,learner6,1.0
ppo_hier_items200_h1500\PPO_1,PPO_1,917504,6,learner6,1.0
ppo_hier_items200_h1500\PPO_1,PPO_1,925000,6,learner6,1.0
ppo_hier_items200_h1500\PPO_1,PPO_1,950000,6,learner6,1.0
ppo_hier_items200_h1500\PPO_1,PPO_1,950272,6,learner6,1.0
ppo_hier_items200_h1500\PPO_1,PPO_1,975000,6,learner6,1.0
ppo_hier_items200_h1500\PPO_1,PPO_1,983040,6,learner6,1.0
ppo_hier_items200_h1500\PPO_1,PPO_1,1000000,6,learner6,1.0
ppo_hier_items200_h1500\PPO_1,PPO_1,1015808,6,learner6,1.0
ppo_hier_items200_h1500\PPO_1,PPO_1,1025000,6,learner6,1.0
ppo_hier_items200_h1500\PPO_1,PPO_1,1048576,6,learner6,1.0
ppo_hier_items200_h1500\PPO_1,PPO_1,1050000,6,learner6,1.0
ppo_hier_items200_h1500\PPO_1,PPO_1,1075000,6,learner6,1.0
ppo_hier_items200_h1500\PPO_1,PPO_1,1081344,6,learner6,1.0
ppo_hier_items200_h1500\PPO_1,PPO_1,1100000,6,learner6,1.0
ppo_hier_items200_h1500\PPO_1,PPO_1,1114112,6,learner6,1.0
ppo_hier_items200_h1500\PPO_1,PPO_1,1125000,6,learner6,1.0
ppo_hier_items200_h1500\PPO_1,PPO_1,1146880,6,learner6,1.0
ppo_hier_items200_h1500\PPO_1,PPO_1,1150000,6,learner6,1.0
ppo_hier_items200_h1500\PPO_1,PPO_1,1175000,6,learner6,1.0
ppo_hier_items200_h1500\PPO_1,PPO_1,1179648,6,learner6,1.0
ppo_hier_items200_h1500\PPO_1,PPO_1,1200000,6,learner6,1.0
ppo_hier_items200_h1500\PPO_1,PPO_1,1212416,6,learner6,1.0
ppo_hier_items200_h1500\PPO_1,PPO_1,1225000,6,learner6,1.0
ppo_hier_items200_h1500\PPO_1,PPO_1,1245184,6,learner6,1.0
ppo_hier_items200_h1500\PPO_1,PPO_1,1250000,6,learner6,1.0
ppo_hier_items200_h1500\PPO_1,PPO_1,1275000,6,learner6,1.0
ppo_hier_items200_h1500\PPO_1,PPO_1,1277952,6,learner6,1.0
ppo_hier_items200_h1500\PPO_1,PPO_1,1300000,6,learner6,1.0
ppo_hier_items200_h1500\PPO_1,PPO_1,1310720,6,learner6,1.0
ppo_hier_items200_h1500\PPO_1,PPO_1,1325000,6,learner6,1.0
ppo_hier_items200_h1500\PPO_1,PPO_1,1343488,6,learner6,1.0
ppo_hier_items200_h1500\PPO_1,PPO_1,1350000,6,learner6,1.0
ppo_hier_items200_h1500\PPO_1,PPO_1,1375000,6,learner6,1.0
ppo_hier_items200_h1500\PPO_1,PPO_1,1376256,6,learner6,1.0
ppo_hier_items200_h1500\PPO_1,PPO_1,1400000,6,learner6,1.0
ppo_hier_items200_h1500\PPO_1,PPO_1,1409024,6,learner6,1.0
ppo_hier_items200_h1500\PPO_1,PPO_1,1425000,6,learner6,1.0
ppo_hier_items200_h1500\PPO_1,PPO_1,1441792,6,learner6,1.0
ppo_hier_items200_h1500\PPO_1,PPO_1,1450000,6,learner6,1.0
ppo_hier_items200_h1500\PPO_1,PPO_1,1474560,6,learner6,1.0
ppo_hier_items200_h1500\PPO_1,PPO_1,1475000,6,learner6,1.0
ppo_hier_items200_h1500\PPO_1,PPO_1,1500000,6,learner6,0.9666666388511658
ppo_hier_items200_h1500\PPO_1,PPO_1,1507328,6,learner6,1.0
ppo_hier_items200_h1500\PPO_1,PPO_1,1525000,6,learner6,1.0
ppo_hier_items200_h1500\PPO_1,PPO_1,1540096,6,learner6,1.0
ppo_hier_items200_h1500\PPO_1,PPO_1,1550000,6,learner6,1.0
ppo_hier_items200_h1500\PPO_1,PPO_1,1572864,6,learner6,1.0
ppo_hier_items200_h1500\PPO_1,PPO_1,1575000,6,learner6,1.0
ppo_hier_items200_h1500\PPO_1,PPO_1,1600000,6,learner6,1.0
ppo_hier_items200_h1500\PPO_1,PPO_1,1605632,6,learner6,1.0
ppo_hier_items200_h1500\PPO_1,PPO_1,1625000,6,learner6,1.0
ppo_hier_items200_h1500\PPO_1,PPO_1,1638400,6,learner6,1.0
ppo_hier_items200_h1500\PPO_1,PPO_1,1650000,6,learner6,1.0
ppo_hier_items200_h1500\PPO_1,PPO_1,1671168,6,learner6,1.0
ppo_hier_items200_h1500\PPO_1,PPO_1,1675000,6,learner6,1.0
ppo_hier_items200_h1500\PPO_1,PPO_1,1700000,6,learner6,1.0
ppo_hier_items200_h1500\PPO_1,PPO_1,1703936,6,learner6,1.0
ppo_hier_items200_h1500\PPO_1,PPO_1,1725000,6,learner6,1.0
ppo_hier_items200_h1500\PPO_1,PPO_1,1736704,6,learner6,1.0
ppo_hier_items200_h1500\PPO_1,PPO_1,1750000,6,learner6,1.0
ppo_hier_items200_h1500\PPO_1,PPO_1,1769472,6,learner6,1.0
ppo_hier_items200_h1500\PPO_1,PPO_1,1775000,6,learner6,1.0
ppo_hier_items200_h1500\PPO_1,PPO_1,1800000,6,learner6,1.0
ppo_hier_items200_h1500\PPO_1,PPO_1,1802240,6,learner6,1.0
ppo_hier_items200_h1500\PPO_1,PPO_1,1825000,6,learner6,1.0
ppo_hier_items200_h1500\PPO_1,PPO_1,1835008,6,learner6,1.0
ppo_hier_items200_h1500\PPO_1,PPO_1,1850000,6,learner6,1.0
ppo_hier_items200_h1500\PPO_1,PPO_1,1867776,6,learner6,1.0
ppo_hier_items200_h1500\PPO_1,PPO_1,1875000,6,learner6,1.0
ppo_hier_items200_h1500\PPO_1,PPO_1,1900000,6,learner6,1.0
ppo_hier_items200_h1500\PPO_1,PPO_1,1900544,6,learner6,1.0
ppo_hier_items200_h1500\PPO_1,PPO_1,1925000,6,learner6,1.0
ppo_hier_items200_h1500\PPO_1,PPO_1,1933312,6,learner6,1.0
ppo_hier_items200_h1500\PPO_1,PPO_1,1950000,6,learner6,1.0
ppo_hier_items200_h1500\PPO_1,PPO_1,1966080,6,learner6,1.0
ppo_hier_items200_h1500\PPO_1,PPO_1,1975000,6,learner6,1.0
ppo_hier_items200_h1500\PPO_1,PPO_1,1998848,6,learner6,1.0
ppo_hier_items200_h1500\PPO_1,PPO_1,2000000,6,learner6,1.0
ppo_hier_items200_h1500\PPO_1,PPO_1,2025000,6,learner6,1.0
ppo_hier_items200_h1500\PPO_1,PPO_1,2031616,6,learner6,1.0
ppo_hier_items200_h1500\PPO_1,PPO_1,25000,7,learner7,1.0
ppo_hier_items200_h1500\PPO_1,PPO_1,32768,7,learner7,0.9666666388511658
ppo_hier_items200_h1500\PPO_1,PPO_1,50000,7,learner7,1.0
ppo_hier_items200_h1500\PPO_1,PPO_1,65536,7,learner7,1.0
ppo_hier_items200_h1500\PPO_1,PPO_1,75000,7,learner7,1.0
ppo_hier_items200_h1500\PPO_1,PPO_1,98304,7,learner7,1.0
ppo_hier_items200_h1500\PPO_1,PPO_1,100000,7,learner7,1.0
ppo_hier_items200_h1500\PPO_1,PPO_1,125000,7,learner7,1.0
ppo_hier_items200_h1500\PPO_1,PPO_1,131072,7,learner7,1.0
ppo_hier_items200_h1500\PPO_1,PPO_1,150000,7,learner7,1.0
ppo_hier_items200_h1500\PPO_1,PPO_1,163840,7,learner7,1.0
ppo_hier_items200_h1500\PPO_1,PPO_1,175000,7,learner7,1.0
ppo_hier_items200_h1500\PPO_1,PPO_1,196608,7,learner7,1.0
ppo_hier_items200_h1500\PPO_1,PPO_1,200000,7,learner7,1.0
ppo_hier_items200_h1500\PPO_1,PPO_1,225000,7,learner7,1.0
ppo_hier_items200_h1500\PPO_1,PPO_1,229376,7,learner7,1.0
ppo_hier_items200_h1500\PPO_1,PPO_1,250000,7,learner7,1.0
ppo_hier_items200_h1500\PPO_1,PPO_1,262144,7,learner7,1.0
ppo_hier_items200_h1500\PPO_1,PPO_1,275000,7,learner7,1.0
ppo_hier_items200_h1500\PPO_1,PPO_1,294912,7,learner7,1.0
ppo_hier_items200_h1500\PPO_1,PPO_1,300000,7,learner7,1.0
ppo_hier_items200_h1500\PPO_1,PPO_1,325000,7,learner7,1.0
ppo_hier_items200_h1500\PPO_1,PPO_1,327680,7,learner7,1.0
ppo_hier_items200_h1500\PPO_1,PPO_1,350000,7,learner7,1.0
ppo_hier_items200_h1500\PPO_1,PPO_1,360448,7,learner7,1.0
ppo_hier_items200_h1500\PPO_1,PPO_1,375000,7,learner7,1.0
ppo_hier_items200_h1500\PPO_1,PPO_1,393216,7,learner7,1.0
ppo_hier_items200_h1500\PPO_1,PPO_1,400000,7,learner7,1.0
ppo_hier_items200_h1500\PPO_1,PPO_1,425000,7,learner7,1.0
ppo_hier_items200_h1500\PPO_1,PPO_1,425984,7,learner7,1.0
ppo_hier_items200_h1500\PPO_1,PPO_1,450000,7,learner7,1.0
ppo_hier_items200_h1500\PPO_1,PPO_1,458752,7,learner7,1.0
ppo_hier_items200_h1500\PPO_1,PPO_1,475000,7,learner7,1.0
ppo_hier_items200_h1500\PPO_1,PPO_1,491520,7,learner7,1.0
ppo_hier_items200_h1500\PPO_1,PPO_1,500000,7,learner7,1.0
ppo_hier_items200_h1500\PPO_1,PPO_1,524288,7,learner7,0.9666666388511658
ppo_hier_items200_h1500\PPO_1,PPO_1,525000,7,learner7,1.0
ppo_hier_items200_h1500\PPO_1,PPO_1,550000,7,learner7,1.0
ppo_hier_items200_h1500\PPO_1,PPO_1,557056,7,learner7,1.0
ppo_hier_items200_h1500\PPO_1,PPO_1,575000,7,learner7,0.9666666388511658
ppo_hier_items200_h1500\PPO_1,PPO_1,589824,7,learner7,1.0
ppo_hier_items200_h1500\PPO_1,PPO_1,600000,7,learner7,1.0
ppo_hier_items200_h1500\PPO_1,PPO_1,622592,7,learner7,1.0
ppo_hier_items200_h1500\PPO_1,PPO_1,625000,7,learner7,1.0
ppo_hier_items200_h1500\PPO_1,PPO_1,650000,7,learner7,1.0
ppo_hier_items200_h1500\PPO_1,PPO_1,655360,7,learner7,1.0
ppo_hier_items200_h1500\PPO_1,PPO_1,675000,7,learner7,1.0
ppo_hier_items200_h1500\PPO_1,PPO_1,688128,7,learner7,0.9666666388511658
ppo_hier_items200_h1500\PPO_1,PPO_1,700000,7,learner7,1.0
ppo_hier_items200_h1500\PPO_1,PPO_1,720896,7,learner7,1.0
ppo_hier_items200_h1500\PPO_1,PPO_1,725000,7,learner7,0.9666666388511658
ppo_hier_items200_h1500\PPO_1,PPO_1,750000,7,learner7,1.0
ppo_hier_items200_h1500\PPO_1,PPO_1,753664,7,learner7,1.0
ppo_hier_items200_h1500\PPO_1,PPO_1,775000,7,learner7,1.0
ppo_hier_items200_h1500\PPO_1,PPO_1,786432,7,learner7,1.0
ppo_hier_items200_h1500\PPO_1,PPO_1,800000,7,learner7,1.0
ppo_hier_items200_h1500\PPO_1,PPO_1,819200,7,learner7,0.9666666388511658
ppo_hier_items200_h1500\PPO_1,PPO_1,825000,7,learner7,1.0
ppo_hier_items200_h1500\PPO_1,PPO_1,850000,7,learner7,1.0
ppo_hier_items200_h1500\PPO_1,PPO_1,851968,7,learner7,1.0
ppo_hier_items200_h1500\PPO_1,PPO_1,875000,7,learner7,1.0
ppo_hier_items200_h1500\PPO_1,PPO_1,884736,7,learner7,1.0
ppo_hier_items200_h1500\PPO_1,PPO_1,900000,7,learner7,1.0
ppo_hier_items200_h1500\PPO_1,PPO_1,917504,7,learner7,1.0
ppo_hier_items200_h1500\PPO_1,PPO_1,925000,7,learner7,1.0
ppo_hier_items200_h1500\PPO_1,PPO_1,950000,7,learner7,1.0
ppo_hier_items200_h1500\PPO_1,PPO_1,950272,7,learner7,1.0
ppo_hier_items200_h1500\PPO_1,PPO_1,975000,7,learner7,1.0
ppo_hier_items200_h1500\PPO_1,PPO_1,983040,7,learner7,0.9666666388511658
ppo_hier_items200_h1500\PPO_1,PPO_1,1000000,7,learner7,1.0
ppo_hier_items200_h1500\PPO_1,PPO_1,1015808,7,learner7,0.9666666388511658
ppo_hier_items200_h1500\PPO_1,PPO_1,1025000,7,learner7,1.0
ppo_hier_items200_h1500\PPO_1,PPO_1,1048576,7,learner7,1.0
ppo_hier_items200_h1500\PPO_1,PPO_1,1050000,7,learner7,1.0
ppo_hier_items200_h1500\PPO_1,PPO_1,1075000,7,learner7,1.0
ppo_hier_items200_h1500\PPO_1,PPO_1,1081344,7,learner7,1.0
ppo_hier_items200_h1500\PPO_1,PPO_1,1100000,7,learner7,1.0
ppo_hier_items200_h1500\PPO_1,PPO_1,1114112,7,learner7,1.0
ppo_hier_items200_h1500\PPO_1,PPO_1,1125000,7,learner7,1.0
ppo_hier_items200_h1500\PPO_1,PPO_1,1146880,7,learner7,1.0
ppo_hier_items200_h1500\PPO_1,PPO_1,1150000,7,learner7,1.0
ppo_hier_items200_h1500\PPO_1,PPO_1,1175000,7,learner7,1.0
ppo_hier_items200_h1500\PPO_1,PPO_1,1179648,7,learner7,1.0
ppo_hier_items200_h1500\PPO_1,PPO_1,1200000,7,learner7,1.0
ppo_hier_items200_h1500\PPO_1,PPO_1,1212416,7,learner7,1.0
ppo_hier_items200_h1500\PPO_1,PPO_1,1225000,7,learner7,1.0
ppo_hier_items200_h1500\PPO_1,PPO_1,1245184,7,learner7,1.0
ppo_hier_items200_h1500\PPO_1,PPO_1,1250000,7,learner7,1.0
ppo_hier_items200_h1500\PPO_1,PPO_1,1275000,7,learner7,1.0
ppo_hier_items200_h1500\PPO_1,PPO_1,1277952,7,learner7,1.0
ppo_hier_items200_h1500\PPO_1,PPO_1,1300000,7,learner7,1.0
ppo_hier_items200_h1500\PPO_1,PPO_1,1310720,7,learner7,1.0
ppo_hier_items200_h1500\PPO_1,PPO_1,1325000,7,learner7,1.0
ppo_hier_items200_h1500\PPO_1,PPO_1,1343488,7,learner7,1.0
ppo_hier_items200_h1500\PPO_1,PPO_1,1350000,7,learner7,1.0
ppo_hier_items200_h1500\PPO_1,PPO_1,1375000,7,learner7,1.0
ppo_hier_items200_h1500\PPO_1,PPO_1,1376256,7,learner7,1.0
ppo_hier_items200_h1500\PPO_1,PPO_1,1400000,7,learner7,1.0
ppo_hier_items200_h1500\PPO_1,PPO_1,1409024,7,learner7,1.0
ppo_hier_items200_h1500\PPO_1,PPO_1,1425000,7,learner7,0.9666666388511658
ppo_hier_items200_h1500\PPO_1,PPO_1,1441792,7,learner7,1.0
ppo_hier_items200_h1500\PPO_1,PPO_1,1450000,7,learner7,1.0
ppo_hier_items200_h1500\PPO_1,PPO_1,1474560,7,learner7,1.0
ppo_hier_items200_h1500\PPO_1,PPO_1,1475000,7,learner7,0.9666666388511658
ppo_hier_items200_h1500\PPO_1,PPO_1,1500000,7,learner7,1.0
ppo_hier_items200_h1500\PPO_1,PPO_1,1507328,7,learner7,1.0
ppo_hier_items200_h1500\PPO_1,PPO_1,1525000,7,learner7,1.0
ppo_hier_items200_h1500\PPO_1,PPO_1,1540096,7,learner7,1.0
ppo_hier_items200_h1500\PPO_1,PPO_1,1550000,7,learner7,1.0
ppo_hier_items200_h1500\PPO_1,PPO_1,1572864,7,learner7,1.0
ppo_hier_items200_h1500\PPO_1,PPO_1,1575000,7,learner7,1.0
ppo_hier_items200_h1500\PPO_1,PPO_1,1600000,7,learner7,1.0
ppo_hier_items200_h1500\PPO_1,PPO_1,1605632,7,learner7,1.0
ppo_hier_items200_h1500\PPO_1,PPO_1,1625000,7,learner7,1.0
ppo_hier_items200_h1500\PPO_1,PPO_1,1638400,7,learner7,1.0
ppo_hier_items200_h1500\PPO_1,PPO_1,1650000,7,learner7,1.0
ppo_hier_items200_h1500\PPO_1,PPO_1,1671168,7,learner7,1.0
ppo_hier_items200_h1500\PPO_1,PPO_1,1675000,7,learner7,1.0
ppo_hier_items200_h1500\PPO_1,PPO_1,1700000,7,learner7,1.0
ppo_hier_items200_h1500\PPO_1,PPO_1,1703936,7,learner7,1.0
ppo_hier_items200_h1500\PPO_1,PPO_1,1725000,7,learner7,1.0
ppo_hier_items200_h1500\PPO_1,PPO_1,1736704,7,learner7,1.0
ppo_hier_items200_h1500\PPO_1,PPO_1,1750000,7,learner7,1.0
ppo_hier_items200_h1500\PPO_1,PPO_1,1769472,7,learner7,1.0
ppo_hier_items200_h1500\PPO_1,PPO_1,1775000,7,learner7,1.0
ppo_hier_items200_h1500\PPO_1,PPO_1,1800000,7,learner7,0.9666666388511658
ppo_hier_items200_h1500\PPO_1,PPO_1,1802240,7,learner7,1.0
ppo_hier_items200_h1500\PPO_1,PPO_1,1825000,7,learner7,1.0
ppo_hier_items200_h1500\PPO_1,PPO_1,1835008,7,learner7,1.0
ppo_hier_items200_h1500\PPO_1,PPO_1,1850000,7,learner7,1.0
ppo_hier_items200_h1500\PPO_1,PPO_1,1867776,7,learner7,1.0
ppo_hier_items200_h1500\PPO_1,PPO_1,1875000,7,learner7,1.0
ppo_hier_items200_h1500\PPO_1,PPO_1,1900000,7,learner7,1.0
ppo_hier_items200_h1500\PPO_1,PPO_1,1900544,7,learner7,1.0
ppo_hier_items200_h1500\PPO_1,PPO_1,1925000,7,learner7,1.0
ppo_hier_items200_h1500\PPO_1,PPO_1,1933312,7,learner7,1.0
ppo_hier_items200_h1500\PPO_1,PPO_1,1950000,7,learner7,1.0
ppo_hier_items200_h1500\PPO_1,PPO_1,1966080,7,learner7,1.0
ppo_hier_items200_h1500\PPO_1,PPO_1,1975000,7,learner7,0.9666666388511658
ppo_hier_items200_h1500\PPO_1,PPO_1,1998848,7,learner7,1.0
ppo_hier_items200_h1500\PPO_1,PPO_1,2000000,7,learner7,1.0
ppo_hier_items200_h1500\PPO_1,PPO_1,2025000,7,learner7,1.0
ppo_hier_items200_h1500\PPO_1,PPO_1,2031616,7,learner7,1.0
