step,Alex,Bailey,Casey,Devi,Eden,Finley,Gray,Harper
25000,0.0,0.0,0.0,0.0,0.0,0.0,0.0,0.0
32768,0.0,0.0,0.0,0.0,0.0,0.0,0.0,0.0
50000,1.0,0.0,0.0,0.0,0.0,0.0,1.0,0.0
65536,0.0,0.0,0.0,0.0,0.0,0.0,0.0,0.0
75000,0.0,0.0,0.0,0.0,0.0,0.0,0.0,0.0
98304,1.0,0.0,0.0,1.0,0.0,0.0,0.0,0.0
100000,1.0,1.0,0.0,1.0,2.0,0.0,0.0,1.0
125000,1.0,2.0,3.0,1.0,4.0,2.0,1.0,3.0
131072,0.0,2.0,2.0,0.0,1.0,0.0,2.0,0.0
150000,6.0,5.0,3.0,3.0,1.0,1.0,4.0,5.0
163840,2.0,2.0,0.0,1.0,0.0,1.0,2.0,0.0
175000,2.0,7.0,1.0,3.0,2.0,3.0,6.0,5.0
196608,0.0,2.0,4.0,2.0,3.0,1.0,1.0,3.0
200000,8.0,5.0,7.0,6.0,5.0,5.0,3.0,10.0
225000,0.0,0.0,0.0,0.0,0.0,0.0,0.0,0.0
229376,1.0,3.0,1.0,1.0,2.0,3.0,4.0,3.0
250000,0.0,0.0,0.0,0.0,0.0,0.0,0.0,1.0
262144,4.0,7.0,5.0,1.0,2.0,2.0,4.0,2.0
275000,0.0,3.0,1.0,1.0,2.0,0.0,0.0,0.0
294912,3.0,10.0,4.0,3.0,7.0,2.0,4.0,6.0
300000,3.0,1.0,1.0,0.0,2.0,0.0,3.0,3.0
325000,7.0,3.0,3.0,1.0,2.0,1.0,2.0,8.0
327680,5.0,6.0,10.0,3.0,5.0,3.0,7.0,7.0
350000,3.0,7.0,7.0,4.0,5.0,2.0,3.0,8.0
360448,0.0,0.0,0.0,0.0,0.0,0.0,0.0,0.0
375000,4.0,10.0,7.0,1.0,8.0,2.0,4.0,7.0
393216,0.0,1.0,1.0,0.0,0.0,0.0,1.0,0.0
400000,10.0,11.0,6.0,2.0,7.0,7.0,5.0,14.0
425000,0.0,0.0,0.0,0.0,0.0,0.0,0.0,0.0
425984,0.0,1.0,0.0,1.0,0.0,0.0,0.0,2.0
450000,1.0,0.0,0.0,0.0,0.0,1.0,0.0,0.0
458752,1.0,2.0,0.0,0.0,0.0,0.0,0.0,0.0
475000,3.0,0.0,0.0,2.0,1.0,1.0,2.0,0.0
491520,3.0,6.0,4.0,2.0,1.0,0.0,2.0,2.0
500000,2.0,4.0,5.0,3.0,1.0,0.0,4.0,3.0
524288,3.0,8.0,3.0,2.0,4.0,0.0,3.0,2.0
525000,1.0,8.0,6.0,4.0,8.0,0.0,5.0,11.0
550000,4.0,5.0,11.0,4.0,7.0,5.0,6.0,7.0
557056,5.0,9.0,5.0,2.0,6.0,2.0,5.0,3.0
575000,4.0,13.0,10.0,4.0,6.0,8.0,7.0,10.0
589824,5.0,11.0,8.0,2.0,3.0,3.0,5.0,10.0
600000,10.0,17.0,15.0,9.0,13.0,6.0,15.0,16.0
622592,10.0,17.0,7.0,5.0,4.0,5.0,8.0,16.0
625000,1.0,0.0,0.0,0.0,0.0,0.0,0.0,0.0
650000,1.0,1.0,1.0,0.0,3.0,0.0,0.0,1.0
655360,12.0,12.0,10.0,4.0,8.0,2.0,10.0,13.0
675000,4.0,1.0,5.0,0.0,2.0,0.0,3.0,8.0
688128,0.0,0.0,0.0,0.0,0.0,0.0,0.0,0.0
700000,5.0,5.0,4.0,5.0,4.0,0.0,4.0,9.0
720896,0.0,0.0,0.0,0.0,0.0,0.0,0.0,0.0
725000,7.0,11.0,9.0,5.0,6.0,0.0,4.0,8.0
750000,11.0,10.0,11.0,3.0,7.0,3.0,7.0,10.0
753664,2.0,1.0,2.0,1.0,1.0,0.0,2.0,1.0
775000,13.0,17.0,11.0,6.0,11.0,4.0,10.0,19.0
786432,3.0,3.0,3.0,0.0,4.0,0.0,1.0,3.0
800000,12.0,21.0,12.0,9.0,13.0,6.0,15.0,17.0
819200,4.0,8.0,8.0,3.0,4.0,0.0,3.0,6.0
825000,0.0,0.0,1.0,1.0,0.0,0.0,0.0,0.0
850000,3.0,3.0,7.0,4.0,3.0,0.0,1.0,2.0
851968,8.0,9.0,5.0,3.0,6.0,1.0,5.0,7.0
875000,3.0,7.0,7.0,2.0,5.0,0.0,4.0,4.0
884736,11.0,9.0,11.0,3.0,9.0,2.0,4.0,9.0
900000,12.0,9.0,9.0,3.0,6.0,4.0,3.0,8.0
917504,14.0,16.0,9.0,3.0,12.0,5.0,11.0,15.0
925000,13.0,19.0,11.0,4.0,12.0,1.0,8.0,10.0
950000,13.0,16.0,12.0,1.0,13.0,0.0,10.0,12.0
950272,16.0,17.0,11.0,2.0,12.0,2.0,13.0,8.0
975000,17.0,19.0,10.0,7.0,11.0,2.0,13.0,16.0
983040,18.0,21.0,15.0,6.0,14.0,7.0,14.0,14.0
1000000,17.0,25.0,18.0,6.0,16.0,3.0,16.0,23.0
1015808,17.0,24.0,17.0,8.0,16.0,3.0,17.0,17.0
1025000,2.0,1.0,0.0,0.0,1.0,0.0,0.0,2.0
1048576,0.0,0.0,0.0,0.0,0.0,0.0,0.0,2.0
1050000,7.0,5.0,4.0,1.0,4.0,0.0,2.0,4.0
1075000,9.0,11.0,4.0,1.0,7.0,0.0,1.0,6.0
1081344,2.0,3.0,0.0,0.0,3.0,0.0,0.0,3.0
1100000,11.0,13.0,9.0,3.0,12.0,0.0,6.0,10.0
1114112,2.0,7.0,2.0,0.0,4.0,0.0,2.0,4.0
1125000,17.0,18.0,11.0,3.0,8.0,1.0,7.0,13.0
1146880,10.0,8.0,3.0,3.0,9.0,0.0,2.0,8.0
1150000,16.0,15.0,13.0,4.0,10.0,3.0,11.0,16.0
1175000,18.0,19.0,16.0,5.0,15.0,6.0,13.0,16.0
1179648,12.0,10.0,9.0,2.0,9.0,0.0,5.0,10.0
1200000,21.0,25.0,17.0,8.0,17.0,3.0,20.0,23.0
1212416,14.0,15.0,6.0,2.0,9.0,1.0,7.0,10.0
1225000,1.0,2.0,2.0,0.0,1.0,0.0,0.0,5.0
1245184,16.0,14.0,11.0,3.0,11.0,3.0,10.0,13.0
1250000,8.0,8.0,4.0,2.0,7.0,0.0,1.0,5.0
1275000,11.0,8.0,8.0,1.0,11.0,0.0,3.0,6.0
1277952,19.0,15.0,12.0,5.0,14.0,2.0,10.0,15.0
1300000,12.0,10.0,10.0,1.0,11.0,0.0,5.0,10.0
1310720,21.0,20.0,13.0,4.0,15.0,3.0,12.0,23.0
1325000,14.0,20.0,12.0,3.0,10.0,3.0,9.0,14.0
1343488,17.0,17.0,15.0,3.0,15.0,2.0,16.0,23.0
1350000,16.0,17.0,13.0,4.0,14.0,4.0,10.0,19.0
1375000,17.0,18.0,15.0,4.0,16.0,2.0,15.0,22.0
1376256,0.0,1.0,1.0,0.0,0.0,0.0,0.0,0.0
1400000,17.0,23.0,12.0,6.0,17.0,3.0,16.0,22.0
1409024,2.0,3.0,2.0,0.0,2.0,0.0,0.0,2.0
1425000,4.0,2.0,2.0,0.0,4.0,0.0,0.0,2.0
1441792,5.0,4.0,3.0,1.0,6.0,0.0,0.0,6.0
1450000,9.0,9.0,3.0,1.0,6.0,0.0,2.0,7.0
1474560,10.0,9.0,6.0,1.0,9.0,0.0,0.0,6.0
1475000,10.0,9.0,6.0,2.0,11.0,0.0,5.0,8.0
1500000,15.0,14.0,11.0,7.0,11.0,1.0,7.0,15.0
1507328,14.0,11.0,6.0,1.0,7.0,1.0,2.0,12.0
1525000,17.0,15.0,12.0,4.0,14.0,1.0,12.0,14.0
1540096,11.0,16.0,8.0,5.0,11.0,0.0,6.0,12.0
1550000,17.0,15.0,15.0,6.0,15.0,2.0,15.0,20.0
1572864,17.0,17.0,10.0,6.0,12.0,1.0,10.0,16.0
1575000,18.0,19.0,14.0,6.0,16.0,2.0,15.0,23.0
1600000,19.0,21.0,18.0,7.0,23.0,4.0,20.0,26.0
1605632,15.0,18.0,16.0,5.0,13.0,3.0,7.0,18.0
